customer_id,first_name,last_name,age,gender,email,city,state,country,membership,product_name,price_paid,payment_mode,rating
1,Paulie,Soldner,90,F,psoldner0@twitpic.com,Jindui,,China,normal,Haggis,12,debit,
2,Calv,Scallon,86,M,cscallon1@twitpic.com,Jiuxian,,China,,Lobster - Base,116,cash,
3,Pamela,Ebbitt,67,F,pebbitt2@constantcontact.com,Yanjiang,,China,normal,"Veal - Chops, Split, Frenched",191,credit,3
4,Shelby,Jancik,10,F,sjancik3@utexas.edu,Jiadingzhen,,China,gold,Wine - Pinot Grigio Collavini,140,cash,3
5,Berta,Sarath,18,F,bsarath4@bravesites.com,Xixi,,China,gold,"Potatoes - Purple, Organic",31,cash,
6,Sarine,Middell,44,F,smiddell5@economist.com,Paujiles,,Honduras,silver,Beer - Upper Canada Light,121,debit,4
7,Maudie,Haster,5,F,mhaster6@wikispaces.com,Balibago,,Philippines,gold,Lidsoupcont Rp12dn,1,credit,5
8,Tammie,Flucker,63,F,tflucker7@livejournal.com,Cileueur,,Indonesia,,"Nut - Almond, Blanched, Sliced",108,cash,
9,Omar,Horsburgh,4,M,ohorsburgh8@abc.net.au,Calibutbut,,Philippines,normal,Miso - Soy Bean Paste,166,credit,5
10,Marti,Delicate,77,F,mdelicate9@globo.com,Masaran,,Indonesia,gold,Sponge Cake Mix - Vanilla,9,cash,5
11,Misti,Sang,44,F,msanga@yellowpages.com,,Setúbal,Portugal,gold,Fenngreek Seed,135,cash,1
12,Gwennie,Roskilly,16,F,groskillyb@hatena.ne.jp,Colomi,,Bolivia,gold,Numi - Assorted Teas,91,debit,3
13,Ogdon,Madgewick,79,M,omadgewickc@cbsnews.com,Huang’ao,,China,gold,"Glass - Wine, Plastic, Clear 5 Oz",124,cash,1
14,Willey,Tefft,60,M,wtefftd@vinaora.com,Dapaong,,Togo,gold,Cheese Cloth,0,cash,1
15,Blisse,Artist,50,F,,Siemkowice,,Poland,gold,Flour - So Mix Cake White,132,debit,
16,Hazlett,Purdey,50,M,hpurdeyf@twitpic.com,Mâcon,Bourgogne,France,normal,Ice Cream - Turtles Stick Bar,28,cash,3
17,Alecia,Atherton,69,F,aathertong@nba.com,Černá Hora,,Czech Republic,normal,Amarula Cream,32,debit,2
18,Loren,Cobbe,85,F,lcobbeh@biblegateway.com,Rungis,Île-de-France,France,silver,Sherry - Dry,151,debit,
19,Rana,Pitblado,91,F,,Açucena,,Brazil,normal,"Yogurt - Raspberry, 175 Gr",146,,
20,Brewster,Fellis,62,M,,Baiju,,China,gold,Maple Syrup,88,cash,
21,Sibeal,Haward,58,F,shawardk@uiuc.edu,Heping,,China,normal,Bread Ww Cluster,181,debit,3
22,Deb,McMenemy,61,F,dmcmenemyl@psu.edu,Gaopi,,China,normal,Thermometer Digital,106,,2
23,Tybalt,Readhead,6,M,treadheadm@shop-pro.jp,Eyvān,,Iran,,Lidsoupcont Rp12dn,106,credit,
24,Josefina,Eberle,70,F,jeberlen@paypal.com,San Benito Abad,,Colombia,silver,"Tuna - Canned, Flaked, Light",140,cash,3
25,Mariana,Angric,98,F,mangrico@yellowpages.com,Balneário Camboriú,,Brazil,normal,Chocolate Eclairs,163,debit,
26,Dayle,Ritter,49,,dritterp@reuters.com,Siemkowice,,Poland,normal,Container Clear 8 Oz,131,debit,
27,Jennie,Hawe,62,F,jhaweq@skyrock.com,Seren Barat,,Indonesia,silver,Dc - Sakura Fu,38,credit,3
28,Alvy,Selcraig,89,,aselcraigr@illinois.edu,,Ontario,Canada,normal,Grenadillo,39,cash,2
29,Carlye,Ourry,45,F,courrys@jimdo.com,Riobamba,,Ecuador,normal,Cream Of Tartar,150,,5
30,Ariel,Wyldbore,47,M,awyldboret@cbslocal.com,Tsibulev,,Ukraine,gold,"Ecolab - Orange Frc, Cleaner",38,cash,4
31,Allison,Endrizzi,9,F,aendrizziu@slideshare.net,Quaraí,,Brazil,silver,Liqueur - Melon,168,cash,
32,Falito,Korous,29,M,,Jiazi,,China,normal,Calypso - Pineapple Passion,105,debit,
33,Emera,Sabben,51,F,esabbenw@economist.com,Vinha,Porto,Portugal,gold,Tart - Lemon,54,credit,2
34,Elspeth,Carragher,78,F,ecarragherx@moonfruit.com,Ḩabābah,,Yemen,silver,"Wine - Red, Antinori Santa",100,cash,
35,Mannie,Lammertz,78,M,mlammertzy@wordpress.com,Kallithéa,,Greece,gold,Bread Base - Toscano,108,cash,1
36,Stanton,Foreman,2,M,sforemanz@istockphoto.com,Málaga,,Colombia,silver,Butter - Unsalted,94,credit,3
37,Doyle,Benns,11,M,dbenns10@cnbc.com,Opinogóra Górna,,Poland,normal,Glass Clear 7 Oz Xl,200,cash,1
38,Bonnee,Lothean,12,F,blothean11@is.gd,Alajuelita,,Costa Rica,gold,"Water - Mineral, Natural",151,debit,4
39,Cassi,Philip,35,F,cphilip12@discuz.net,Clichy,Île-de-France,France,normal,"Lemonade - Mandarin, 591 Ml",167,,5
40,Cece,Leggon,67,M,cleggon13@washingtonpost.com,Oakland,California,United States,normal,Green Scrubbie Pad H.duty,198,debit,2
41,Garrott,Skittreal,34,M,gskittreal14@tinypic.com,Hongqiao,,China,normal,Ginger - Fresh,97,,
42,Cole,Balkwill,53,M,cbalkwill15@themeforest.net,Sāh,,Yemen,gold,Tia Maria,76,credit,4
43,Jessica,Atty,4,F,jatty16@usatoday.com,Crespo,,Argentina,silver,"Lobster - Tail, 3 - 4 Oz",137,credit,4
44,Hamilton,Shuttleworth,9,M,hshuttleworth17@bigcartel.com,Naikolan,,Indonesia,silver,Longos - Greek Salad,33,,4
45,Garv,Askaw,73,M,gaskaw18@sun.com,Bussum,Provincie Noord-Holland,Netherlands,gold,"Rum - Coconut, Malibu",147,credit,
46,Annecorinne,Bythway,87,F,abythway19@washington.edu,Oeba,,Indonesia,silver,Cape Capensis - Fillet,41,cash,
47,Ynes,Brecon,91,F,ybrecon1a@stumbleupon.com,Reshetylivka,,Ukraine,gold,Food Colouring - Red,63,cash,1
48,Valentia,Lelande,11,,vlelande1b@wikimedia.org,,,Brazil,silver,Poppy Seed,170,credit,5
49,Kilian,Kordas,37,M,kkordas1c@angelfire.com,Samut Songkhram,,Thailand,normal,Wine - Redchard Merritt,181,credit,4
50,Bette,Antonat,46,F,bantonat1d@vkontakte.ru,Khisarya,,Bulgaria,normal,Pastry - Cheese Baked Scones,68,credit,2
51,Elspeth,Boater,16,,eboater1e@marketwatch.com,Hāgere Selam,,Ethiopia,normal,"Trout - Rainbow, Frozen",147,credit,1
52,Sayres,Barnwell,83,M,sbarnwell1f@merriam-webster.com,Tuohua,,China,normal,Plasticknivesblack,121,cash,
53,Pepito,Sackler,75,M,psackler1g@accuweather.com,Kongjiang,,China,silver,Soup - Campbells Chili,40,cash,
54,Eloisa,Kinnerk,74,F,ekinnerk1h@fastcompany.com,Rönninge,Stockholm,Sweden,normal,Chicken - Bones,194,debit,3
55,Jedidiah,Bafford,59,M,jbafford1i@ehow.com,Goúrnes,,Greece,gold,Beef - Top Sirloin - Aaa,1,cash,5
56,Yorgo,Jakubowsky,38,M,yjakubowsky1j@mysql.com,Gushikawa,,Japan,gold,"Artichokes - Knobless, White",155,cash,2
57,Whitman,Shillabeare,3,M,wshillabeare1k@salon.com,Quiaios,Coimbra,Portugal,gold,Chinese Foods - Pepper Beef,10,cash,2
58,Nobe,Esposi,46,M,nesposi1l@cyberchimps.com,Nice,Provence-Alpes-Côte d'Azur,France,gold,Puff Pastry - Slab,127,cash,1
59,Nell,Duggon,5,F,nduggon1m@twitpic.com,Siquisique,,Venezuela,gold,Flour - So Mix Cake White,77,cash,2
60,Lonni,Philipsohn,89,F,lphilipsohn1n@ucoz.com,Xibali,,China,gold,Pork - Ground,22,cash,1
61,Claybourne,Scott,71,M,cscott1o@timesonline.co.uk,Fangtian,,China,normal,Glucose,61,,1
62,Woodrow,Dreus,29,M,wdreus1p@arizona.edu,Ribeira do Pombal,,Brazil,gold,Beef - Tenderloin,74,credit,1
63,Iain,Schall,78,M,ischall1q@hostgator.com,Aksarka,,Russia,normal,Ice Cream - Super Sandwich,169,debit,
64,Will,Landrieu,68,M,wlandrieu1r@godaddy.com,San Francisco Zapotitlán,,Guatemala,normal,"Veal - Round, Eye Of",4,credit,1
65,Rochelle,Baack,67,,,Ngama,,Chad,silver,Vinegar - Cider,148,cash,
66,Malchy,Ropartz,36,M,mropartz1t@xinhuanet.com,Freire,,Chile,silver,Wine - Saint Emilion Calvet,30,credit,4
67,Udall,Ohlsen,66,M,uohlsen1u@amazon.co.uk,Bowang,,China,,Zucchini - Yellow,84,cash,
68,Berke,Drury,54,,bdrury1v@networksolutions.com,Guararema,,Brazil,normal,Cheese - Gorgonzola,90,credit,
69,Krysta,Hawksworth,52,F,khawksworth1w@naver.com,Zhangjiayuan,,China,silver,Wine - Magnotta - Pinot Gris Sr,181,,4
70,Loutitia,Britto,43,F,,Changgou,,China,silver,Rhubarb,16,debit,4
71,Diego,Fidilis,82,M,dfidilis1y@ca.gov,Tanjung,,Indonesia,normal,Fireball Whisky,79,debit,
72,Sheilah,Ibarra,36,F,sibarra1z@fotki.com,,,Haiti,gold,Tart - Pecan Butter Squares,165,debit,4
73,Madlin,Simonnin,19,F,msimonnin20@google.com,Qiulu,,China,normal,Bowl 12 Oz - Showcase 92012,187,cash,4
74,Kenneth,Morrell,59,M,kmorrell21@dailymotion.com,Āsbe Teferī,,Ethiopia,silver,Olives - Kalamata,109,debit,
75,Dimitri,Goosey,50,M,dgoosey22@a8.net,Cidadap,,Indonesia,normal,Everfresh Products,10,cash,3
76,Clemmie,Visick,44,M,,Karasgede,,Indonesia,gold,Shrimp - 150 - 250,130,,1
77,Chadd,Heugh,84,M,,Las Junturas,,Argentina,silver,Nantucket - Orange Mango Cktl,103,cash,4
78,Maiga,Wragg,49,F,mwragg25@lulu.com,Jiekeng,,China,silver,"Mushroom - Trumpet, Dry",61,cash,1
79,Stanwood,Grog,84,M,sgrog26@indiegogo.com,Pavlovskiy Posad,,Russia,silver,Lid Coffee Cup 8oz Blk,3,debit,2
80,Kermy,Wiffen,19,M,kwiffen27@oakley.com,Yuquan,,China,silver,Muffin Batt - Ban Dream Zero,107,cash,
81,Humfried,Brimm,12,M,hbrimm28@google.com,Kirkkonummi,,Finland,normal,Oil - Coconut,19,cash,
82,Luciano,Bettenay,85,M,lbettenay29@nps.gov,,,China,silver,Wine - Two Oceans Sauvignon,117,debit,
83,Hersh,Eddington,91,M,heddington2a@blogspot.com,San Antonio,,Peru,,Cornish Hen,58,credit,
84,Stormy,Ciccoloi,6,F,sciccoloi2b@topsy.com,Sinargalih,,Indonesia,gold,"Veal - Tenderloin, Untrimmed",62,debit,2
85,Calhoun,Wrankling,62,M,cwrankling2c@moonfruit.com,Shijia,,China,,Sandwich Wrap,60,credit,3
86,Armin,Wloch,14,M,awloch2d@hostgator.com,Cimuncang,,Indonesia,silver,"Yogurt - Peach, 175 Gr",32,credit,3
87,Krystalle,Fursse,100,F,kfursse2e@redcross.org,Kurgan,,Russia,gold,Basil - Thai,64,debit,4
88,Jamaal,Flescher,69,M,jflescher2f@cpanel.net,Cabaiguán,,Cuba,normal,Red Currants,113,cash,
89,Verine,Rodnight,4,F,,Xiamujiao,,China,gold,Crab - Meat Combo,69,credit,4
90,Trent,Docwra,34,M,tdocwra2h@yahoo.com,Dolní Kounice,,Czech Republic,gold,"Soup - Knorr, Chicken Gumbo",130,debit,4
91,Pepito,Hancell,9,,phancell2i@seesaa.net,Kaliningrad,,Russia,normal,Sugar - Individual Portions,29,credit,
92,Miguel,Gyse,49,M,,,,China,gold,Coffee - Espresso,143,,
93,Ramsay,Melladew,29,M,rmelladew2k@ucoz.com,São Miguel de Machede,,Portugal,silver,Straws - Cocktale,162,,
94,Rebeka,Halfacree,12,F,rhalfacree2l@com.com,Marang,,Indonesia,normal,"Pork - Loin, Bone - In",41,debit,5
95,Cristen,Ivery,72,F,,Panayagan,,Indonesia,silver,Bread Foccacia Whole,32,,1
96,Cale,Bonhill,95,M,cbonhill2n@booking.com,Candelaria,,Colombia,gold,Glass Clear 7 Oz Xl,13,debit,
97,Thaine,Maria,88,M,tmaria2o@privacy.gov.au,Tam Kỳ,,Vietnam,,Rambutan,116,debit,3
98,Gretta,Pyrah,95,F,gpyrah2p@lycos.com,Hotsk,,Belarus,gold,"Beef - Tongue, Fresh",126,debit,4
99,Gallagher,Donkersley,85,M,gdonkersley2q@woothemes.com,Pajarillo,,Peru,silver,"Wine - Mas Chicet Rose, Vintage",36,cash,
100,Traver,Sanders,4,,tsanders2r@bandcamp.com,Nguru,,Nigeria,normal,Flour Dark Rye,116,debit,
101,Bamby,Duffie,95,F,bduffie2s@phoca.cz,Baitao,,China,silver,Mince Meat - Filling,156,debit,5
102,Alonzo,Diament,46,M,adiament2t@gnu.org,,,Argentina,normal,Cardamon Seed / Pod,132,cash,1
103,Isidro,Dranfield,77,M,idranfield2u@rakuten.co.jp,Casal do Relvas,Leiria,Portugal,silver,Soup - Base Broth Chix,193,cash,
104,Inger,Leedal,69,F,ileedal2v@1688.com,Newark,Delaware,United States,gold,Oil - Peanut,64,,1
105,Alane,Swepstone,19,F,aswepstone2w@delicious.com,Chengguan,,China,normal,Sausage - Liver,57,debit,
106,Emory,Mesnard,40,M,emesnard2x@paginegialle.it,San Isidro,Nuevo Leon,Mexico,normal,Wine - Placido Pinot Grigo,47,debit,2
107,Artemas,Yurchenko,58,M,ayurchenko2y@instagram.com,Digos,,Philippines,silver,Wine - Chianti Classico Riserva,189,credit,2
108,Marietta,Goldsack,35,M,mgoldsack2z@symantec.com,Xushan,,China,gold,Dasheen,83,,2
109,Cobbie,Russe,26,M,crusse30@ca.gov,Seririt,,Indonesia,silver,"Beef - Cooked, Corned",101,debit,
110,Estelle,Graine,19,F,egraine31@drupal.org,Guodu,,China,,Sardines,102,credit,2
111,Charmain,MacCrachen,28,F,cmaccrachen32@furl.net,Machagai,,Argentina,silver,Alize Gold Passion,172,,5
112,Frants,Weald,26,M,fweald33@state.gov,Emiliano Zapata,,Mexico,silver,Pastry - Plain Baked Croissant,141,debit,
113,Breena,McElhargy,100,F,bmcelhargy34@google.ca,Buckland,England,United Kingdom,gold,Shrimp - 31/40,53,,
114,Laurianne,O'Dougherty,70,F,,Yangdian,,China,normal,Paper - Brown Paper Mini Cups,61,debit,1
115,Bibby,Roizin,56,F,broizin36@seattletimes.com,Madur,,Indonesia,gold,Beer - Paulaner Hefeweisse,111,,2
116,Fleur,Van den Oord,1,F,fvandenoord37@yale.edu,Plužine,,Montenegro,gold,Pear - Asian,91,,1
117,Charles,Shevlane,87,M,,Mao,,Dominican Republic,silver,Lemons,61,credit,
118,Phillip,McCaster,36,M,pmccaster39@symantec.com,Kościerzyna,,Poland,silver,Bread - Pain Au Liat X12,186,debit,5
119,Erinna,Gasgarth,55,F,egasgarth3a@xing.com,,,Indonesia,normal,"Shrimp - Baby, Warm Water",11,credit,4
120,Budd,Dodd,61,M,bdodd3b@cbc.ca,Hankasalmi,,Finland,gold,Truffle Cups - White Paper,50,,
121,Brinn,Turnor,51,F,bturnor3c@simplemachines.org,Wang Nam Yen,,Thailand,normal,Foie Gras,109,cash,3
122,Forster,Durnill,34,M,fdurnill3d@theglobeandmail.com,Puncaksari,,Indonesia,silver,"Juice - Orange, 341 Ml",40,credit,
123,Franzen,Makiver,52,M,fmakiver3e@wordpress.com,Ḩājī Khēl,,Afghanistan,silver,Fruit Salad Deluxe,144,debit,5
124,Kippie,Yesinin,1,F,kyesinin3f@accuweather.com,Tulsa,,United States,gold,Crackers - Water,98,cash,1
125,Kelley,Bogace,97,F,kbogace3g@amazon.co.uk,Itami,,Japan,normal,Shrimp - Black Tiger 26/30,38,debit,2
126,Vlad,Suston,97,M,vsuston3h@geocities.com,Rizári,,Greece,silver,Anisette - Mcguiness,131,debit,2
127,Lyndell,Rispin,73,F,,Bahorí,,Tajikistan,normal,Bread - Pita,148,debit,4
128,Tammi,Simony,79,F,tsimony3j@addtoany.com,Embi,,Kazakhstan,silver,Mushroom - Chanterelle Frozen,98,,4
129,Jemimah,Slayton,2,F,jslayton3k@spiegel.de,Palmasola,,Venezuela,silver,Arizona - Plum Green Tea,141,,2
130,Wernher,Nacci,56,,wnacci3l@addthis.com,Lipnik,,Poland,gold,Chips Potato Swt Chilli Sour,76,debit,4
131,Huntington,De Blasiis,7,,hdeblasiis3m@php.net,Semīrom,,Iran,silver,"Lamb - Racks, Frenched",109,credit,3
132,Ashil,Bickersteth,44,F,,Homeyo,,Indonesia,normal,Flour - Rye,44,cash,5
133,Justine,Pettiward,54,F,,Aksu,,Kazakhstan,gold,"Rum - Light, Captain Morgan",41,credit,
134,Gavin,Grouse,20,,ggrouse3p@cbsnews.com,Lagoaça,,Portugal,normal,Sour Puss - Tangerine,138,cash,2
135,Clarissa,Marcinkowski,33,F,cmarcinkowski3q@addthis.com,Chidian,,China,gold,Wine - Duboeuf Beaujolais,127,cash,1
136,Kare,Bachellier,90,F,kbachellier3r@domainmarket.com,Fengdian,,China,normal,Beef - Tenderloin,38,,
137,Daffi,Adamou,45,F,dadamou3s@mapy.cz,Rybarzowice,,Poland,gold,Cleaner - Comet,153,cash,1
138,Hildy,Simioni,28,F,hsimioni3t@dion.ne.jp,Tierralta,,Colombia,silver,"Vodka - Hot, Lnferno",82,debit,
139,Archibald,Jeayes,90,M,ajeayes3u@php.net,Jindong,,China,gold,Wiberg Cure,105,credit,
140,Enrika,Ogles,79,F,eogles3v@feedburner.com,Obernai,Alsace,France,gold,Caviar - Salmon,114,debit,4
141,Norine,Bruinsma,48,F,nbruinsma3w@theatlantic.com,Majennang,,Indonesia,gold,Bagel - Ched Chs Presliced,114,credit,2
142,Nanny,Haycox,14,F,nhaycox3x@cmu.edu,Changzheng,,China,silver,"Beans - Kidney, Canned",123,credit,3
143,Tatiana,Saing,65,F,tsaing3y@nifty.com,The Valley,,Anguilla,normal,Oyster - In Shell,152,cash,5
144,Krysta,Garlee,24,F,kgarlee3z@jigsy.com,Marco de Canaveses,Porto,Portugal,gold,Pork Loin Bine - In Frenched,67,debit,4
145,Pamelina,Gilhouley,5,F,pgilhouley40@deviantart.com,Zhangwan,,China,silver,Goldschalger,69,debit,4
146,Rogerio,Jepps,63,M,rjepps41@trellian.com,Dongxi,,China,gold,Vinegar - White Wine,120,credit,
147,Kalvin,Jakoub,66,M,kjakoub42@sun.com,Xiaocun,,China,silver,"Shrimp - 16 - 20 Cooked, Peeled",22,credit,4
148,Giacobo,Freeborn,68,,gfreeborn43@constantcontact.com,Puerto Madryn,,Argentina,normal,Red Cod Fillets - 225g,153,credit,
149,Cosmo,Cranshaw,76,M,ccranshaw44@sciencedirect.com,Hāla,,Pakistan,gold,Yogurt - French Vanilla,105,debit,
150,Annamaria,Winley,35,F,awinley45@qq.com,Langzhong,,China,normal,Gloves - Goldtouch Disposable,127,debit,1
151,Lidia,Antonetti,11,F,lantonetti46@merriam-webster.com,Carpentras,Provence-Alpes-Côte d'Azur,France,,Mace,97,cash,1
152,Bartolemo,Mateuszczyk,61,M,bmateuszczyk47@creativecommons.org,Lycksele,,Sweden,normal,"Chocolate - Milk, Callets",119,cash,1
153,Iosep,Kennford,28,,ikennford48@bravesites.com,Hajoho,,Comoros,normal,Flour - Cake,150,credit,1
154,Grantley,Bonnett,74,M,,Tyshkivka,,Ukraine,gold,Table Cloth 90x90 Colour,151,cash,
155,Nichole,Tomik,84,M,,Ludwin,,Poland,gold,Spic And Span All Purpose,167,,
156,Griswold,Pitsall,36,,gpitsall4b@bloglines.com,Shensuo,,China,silver,Cookie - Dough Variety,183,,
157,Netta,Cuvley,47,F,ncuvley4c@wordpress.org,Kabalo,,Democratic Republic of the Congo,silver,Pie Filling - Pumpkin,152,debit,5
158,Doro,Lithcow,82,F,dlithcow4d@dyndns.org,Gamovo,,Russia,silver,Soup Campbells - Tomato Bisque,60,cash,4
159,Terrie,Liepins,61,F,tliepins4e@delicious.com,Sumusţā as Sulţānī,,Egypt,normal,Urban Zen Drinks,134,debit,5
160,Rahel,Petrelli,83,F,rpetrelli4f@liveinternet.ru,Żarów,,Poland,gold,Wine - Maipo Valle Cabernet,26,debit,1
161,Charles,Martland,9,M,cmartland4g@webeden.co.uk,Pokrov,,Russia,normal,"Ice - Clear, 300 Lb For Carving",6,credit,3
162,Evelin,Sodo,48,,esodo4h@devhub.com,Hongyan,,China,normal,Napkin White - Starched,25,debit,5
163,Case,Jiroutek,99,M,cjiroutek4i@zimbio.com,Nilópolis,,Brazil,silver,Lettuce - Green Leaf,35,cash,
164,Noe,Birch,23,M,,Langxi,,China,gold,Foam Dinner Plate,104,,5
165,Nathanil,Naughton,18,,nnaughton4k@virginia.edu,Amieirinha,Leiria,Portugal,gold,"Yeast - Fresh, Fleischman",65,debit,3
166,Bruce,Dmitrievski,48,M,bdmitrievski4l@taobao.com,Qohord-e Bālā,,Iran,silver,Tequila Rose Cream Liquor,144,credit,5
167,Ned,Phillput,90,M,nphillput4m@ed.gov,Babakan,,Indonesia,,Wine - Riesling Alsace Ac 2001,121,credit,1
168,Adolphus,Deek,18,M,adeek4n@kickstarter.com,,Veracruz Llave,Mexico,gold,Numi - Assorted Teas,148,credit,
169,Kat,Abdy,44,F,kabdy4o@reverbnation.com,,,China,,Bagel - Everything,31,debit,5
170,Flo,Batthew,38,F,fbatthew4p@angelfire.com,,,Croatia,normal,"Sugar - Brown, Individual",18,credit,5
171,Lodovico,Sumpner,48,M,lsumpner4q@canalblog.com,Nova Pazova,,Serbia,gold,Squid - U 5,116,,
172,Benedetta,Grigoryov,51,F,bgrigoryov4r@noaa.gov,Sabnova,,Russia,gold,"Juice - Grape, White",50,credit,5
173,Garreth,Sprake,39,M,gsprake4s@geocities.com,Surkhet,,Nepal,normal,Bread - Sour Sticks With Onion,128,debit,
174,Cesar,Kincey,59,M,ckincey4t@wufoo.com,Kalmar,Kalmar,Sweden,silver,Sultanas,52,credit,1
175,Windham,Hallewell,58,M,whallewell4u@weather.com,Kufa,,Iraq,gold,Myers Planters Punch,141,credit,2
176,Raymund,Shakesby,95,M,rshakesby4v@bbb.org,Xingang,,China,gold,Mushroom - Porcini Frozen,119,debit,1
177,Mendy,Kirtlan,71,M,mkirtlan4w@upenn.edu,Liangkou,,China,gold,Lettuce - Sea / Sea Asparagus,18,credit,4
178,Maxie,Yeend,18,M,myeend4x@google.es,Veiga,Porto,Portugal,silver,Yogurt - French Vanilla,21,,4
179,Thomasina,Meehan,68,F,tmeehan4y@shop-pro.jp,,,Czech Republic,silver,Mushroom - Lg - Cello,172,debit,3
180,Donna,Toffts,71,F,dtoffts4z@posterous.com,Paris 19,Île-de-France,France,normal,Ham - Black Forest,49,debit,4
181,Agustin,Ferie,20,M,,,,Ukraine,gold,Bread - Hamburger Buns,108,cash,5
182,Adham,Arblaster,6,M,aarblaster51@joomla.org,Librazhd-Qendër,,Albania,normal,Wine - Chateau Timberlay,58,cash,1
183,Vivian,Drewet,31,F,vdrewet52@ning.com,Kertosari,,Indonesia,gold,Mushroom - King Eryingii,166,credit,2
184,Barnebas,Dryburgh,73,M,bdryburgh53@netscape.com,Lianzhou,,China,normal,"Apple - Delicious, Red",153,credit,3
185,Chanda,Spradbrow,17,,,Ramos West,,Philippines,normal,Wine - Gewurztraminer Pierre,95,debit,
186,Jerrie,Arnason,78,F,jarnason55@usnews.com,Las Yaras,,Peru,normal,Green Tea Refresher,33,cash,4
187,Costanza,Coleshill,60,F,ccoleshill56@java.com,Batticaloa,,Sri Lanka,silver,Wine - Chablis 2003 Champs,17,credit,3
188,Fletch,Ibbeson,30,M,,,,China,gold,Table Cloth 62x120 White,144,cash,2
189,Addison,Moulin,39,M,,Néa Smýrni,,Greece,silver,Fruit Salad Deluxe,25,cash,3
190,Allister,Martyns,85,M,,Martensville,Saskatchewan,Canada,normal,Buffalo - Short Rib Fresh,153,cash,5
191,Reinhard,Trevascus,2,M,rtrevascus5a@bloglines.com,Pierzchnica,,Poland,normal,Carbonated Water - Blackcherry,50,debit,3
192,Olly,Fawson,63,F,,,,Thailand,gold,Energy Drink Bawls,113,,2
193,Nilson,Pavlishchev,16,M,npavlishchev5c@drupal.org,Zhuzuo,,China,normal,Truffle Cups - White Paper,123,debit,3
194,Zondra,Tonbye,18,F,ztonbye5d@lycos.com,Cruz,,Portugal,gold,Sauce - Alfredo,47,credit,3
195,Rik,Greneham,75,,rgreneham5e@cnn.com,Amsterdam Binnenstad en Oostelijk Havengebied,Provincie Noord-Holland,Netherlands,normal,"Extract - Vanilla,artificial",22,credit,1
196,Ayn,Cottage,32,F,acottage5f@adobe.com,Mar’’ina Horka,,Belarus,normal,Pepper - Jalapeno,138,credit,5
197,Sumner,Rutherfoord,47,M,srutherfoord5g@i2i.jp,Xiangqiao,,China,gold,Pork - Belly Fresh,51,credit,4
198,Barnard,Gofton,99,M,bgofton5h@canalblog.com,Volodarsk,,Russia,silver,Table Cloth 120 Round White,23,debit,1
199,Arlin,Ferrarotti,25,M,aferrarotti5i@chronoengine.com,Labytnangi,,Russia,silver,Mikes Hard Lemonade,198,cash,
200,Maia,McShirrie,80,F,mmcshirrie5j@jiathis.com,Bedalewun,,Indonesia,,"Dill - Primerba, Paste",112,credit,
201,Elmer,Jakoviljevic,95,M,,Billdal,Västra Götaland,Sweden,,Wine - Magnotta - Bel Paese White,153,debit,3
202,Averell,Ommundsen,36,M,aommundsen5l@webs.com,Lapa,,Brazil,normal,Paper Cocktail Umberlla 80 - 180,70,credit,5
203,Roscoe,Housegoe,69,M,rhousegoe5m@taobao.com,Leuwayang,,Indonesia,,Juice - Lagoon Mango,133,cash,1
204,Lou,Andree,22,M,landree5n@nymag.com,Feni,,Bangladesh,silver,Soup - Campbells Bean Medley,109,,3
205,Onofredo,Demer,14,,odemer5o@com.com,Šumperk,,Czech Republic,gold,"Chilli Paste, Hot Sambal Oelek",102,cash,3
206,Tallia,Sciacovelli,59,F,tsciacovelli5p@about.com,Aş Şalw,,Yemen,gold,Beer - Labatt Blue,28,credit,
207,Marney,Tow,33,F,mtow5q@networkadvertising.org,Gataivai,,Samoa,normal,Halibut - Steaks,156,credit,1
208,Dorothea,Barnhart,88,F,dbarnhart5r@yolasite.com,Rodniki,,Russia,gold,Bar - Sweet And Salty Chocolate,6,debit,5
209,Malchy,Rosenstock,5,M,mrosenstock5s@livejournal.com,Krajan,,Indonesia,gold,Water - Perrier,100,cash,
210,Nora,Dowe,17,F,ndowe5t@blogspot.com,Picoto,Porto,Portugal,silver,Salmon - Sockeye Raw,61,cash,
211,Isidore,McNeigh,52,M,imcneigh5u@google.com,Socorro,,Colombia,normal,"Pork - Bacon, Sliced",68,cash,1
212,Dannie,Blees,57,F,dblees5v@wp.com,Guandukou,,China,normal,Fennel - Seeds,138,debit,
213,Shaylyn,Camm,55,F,scamm5w@chron.com,Dauriya,,Russia,gold,Carroway Seed,96,,2
214,Ralina,Kleinhaut,58,F,rkleinhaut5x@plala.or.jp,Springfield,Illinois,United States,,Soup - Campbells Beef Noodle,131,cash,
215,Doro,Reichardt,37,F,dreichardt5y@godaddy.com,Sobreira,Vila Real,Portugal,normal,"Pepper - Green, Chili",161,debit,4
216,Margarete,Rossiter,75,F,mrossiter5z@biglobe.ne.jp,Qianxu Zhen,,China,,Cookies - Fortune,168,credit,
217,Kermy,Oldcote,34,M,koldcote60@cnet.com,Tartouss,,Syria,gold,Bread - Raisin Walnut Oval,30,credit,1
218,Lulu,Culley,91,F,lculley61@smugmug.com,Obesi,,Indonesia,silver,Pastry - Choclate Baked,161,debit,
219,Clarice,Garling,57,F,cgarling62@flavors.me,Cruz Alta,,Brazil,gold,Mix - Cocktail Strawberry Daiquiri,38,credit,3
220,Maitilde,Lawther,76,F,mlawther63@jigsy.com,Curridabat,,Costa Rica,silver,"Lobster - Tail, 3 - 4 Oz",98,cash,3
221,Whitney,Jura,30,M,,,,France,gold,Longos - Grilled Veg Sandwiches,126,cash,3
222,Tadio,Izakoff,63,M,tizakoff65@ovh.net,Bulianhe,,China,gold,Pickerel - Fillets,36,credit,
223,Mendie,Cranke,59,M,mcranke66@house.gov,Ruen,,Bulgaria,normal,"Lemonade - Black Cherry, 591 Ml",128,debit,4
224,Helaina,Odney,98,F,,Adani,,Nigeria,gold,"Wine - White, Pinot Grigio",150,cash,
225,Etheline,Dowthwaite,83,,edowthwaite68@google.ru,Chervone,,Ukraine,normal,Heavy Duty Dust Pan,18,,2
226,Rab,Twamley,28,,rtwamley69@usnews.com,Gechuan,,China,gold,Tilapia - Fillets,86,cash,4
227,Anallese,Mardall,28,F,amardall6a@slashdot.org,Heshe,,China,silver,Grapefruit - White,29,debit,
228,Elwira,Ferrini,57,,eferrini6b@youtu.be,Morong,,Philippines,silver,Rum - Mount Gay Eclipes,63,credit,2
229,Lock,Flinn,31,M,,Yanglinwei,,China,silver,Wine - Alsace Riesling Reserve,123,cash,1
230,Florry,Ferriman,78,F,,,,Yemen,normal,Pepper - Jalapeno,197,debit,
231,Anya,Jeary,93,,ajeary6e@acquirethisname.com,Nandulehe,,China,silver,"Veal - Round, Eye Of",44,debit,
232,Tallia,Salvadori,37,F,tsalvadori6f@apple.com,Drien Rampak,,Indonesia,gold,"Rosemary - Primerba, Paste",104,credit,5
233,Billy,Pilkinton,3,M,bpilkinton6g@washington.edu,Campo de la Cruz,,Colombia,normal,Puree - Raspberry,86,debit,3
234,Marieann,Shervil,15,F,mshervil6h@dedecms.com,Nueva Gorgona,,Panama,,Ginger - Pickled,140,debit,2
235,Shoshana,Dourin,51,F,sdourin6i@liveinternet.ru,Nailong,,Philippines,silver,Steel Wool S.o.s,143,cash,3
236,Isadora,Bonicelli,75,F,ibonicelli6j@smugmug.com,Tegalsari,,Indonesia,gold,Beef - Top Sirloin,108,debit,5
237,Aldrich,Scouler,16,M,ascouler6k@unc.edu,Spartanburg,South Carolina,United States,normal,"Shrimp - 21/25, Peel And Deviened",196,,
238,Beau,O'Heaney,98,M,boheaney6l@wix.com,Porto Calvo,,Brazil,,Cheese - Marble,199,,5
239,Deedee,Joppich,89,F,djoppich6m@constantcontact.com,Duobagou,,China,,"Fish - Scallops, Cold Smoked",195,cash,4
240,Pru,Hanselmann,5,F,phanselmann6n@reuters.com,Krasyliv,,Ukraine,gold,Nantucket - Pomegranate Pear,165,cash,5
241,Jamesy,Isoldi,54,M,jisoldi6o@yahoo.co.jp,,,Botswana,silver,Myers Planters Punch,180,debit,5
242,Jermayne,Schaffler,82,M,jschaffler6p@mlb.com,Novyy Starodub,,Ukraine,normal,Rosemary - Fresh,137,credit,4
243,Leola,McQuilliam,28,F,lmcquilliam6q@theguardian.com,Jefferson City,Missouri,United States,gold,Beef - Ground Medium,108,credit,1
244,Jerrine,Stubbley,47,F,jstubbley6r@ask.com,Pakembangan,,Indonesia,silver,Cinnamon Buns Sticky,57,,
245,Poul,Deeves,7,M,pdeeves6s@sakura.ne.jp,Maisons-Alfort,Île-de-France,France,,Star Fruit,140,credit,3
246,Deena,Thormann,64,F,dthormann6t@chicagotribune.com,Santa Vitória do Palmar,,Brazil,silver,Crab - Imitation Flakes,11,cash,3
247,Alexandros,Rowland,59,M,arowland6u@sakura.ne.jp,,,Egypt,silver,"Coffee - Beans, Whole",21,debit,3
248,Barrie,Ossenna,33,F,bossenna6v@livejournal.com,Ruen,,Bulgaria,normal,"Radish - Black, Winter, Organic",67,credit,4
249,Alverta,Bazeley,3,F,abazeley6w@lycos.com,Podgorenskiy,,Russia,normal,Ice Cream Bar - Oreo Sandwich,187,credit,1
250,Any,Lusty,36,M,alusty6x@squarespace.com,Jablonné nad Orlicí,,Czech Republic,gold,Beef - Texas Style Burger,149,,3
251,Penelope,Laver,25,F,plaver6y@cdbaby.com,Bāzārak,,Afghanistan,silver,Fondant - Icing,57,credit,5
252,Jean,Abbes,21,M,jabbes6z@constantcontact.com,Hrušica,,Slovenia,gold,Tea - Herbal Sweet Dreams,153,cash,2
253,Lise,Pellitt,23,F,lpellitt70@admin.ch,København,,Denmark,silver,Beets - Pickled,193,debit,
254,Nanice,Weller,17,F,nweller71@bizjournals.com,Zhongshu,,China,gold,"Wine - Red, Pinot Noir, Chateau",102,credit,
255,Dominica,Lemmer,83,F,dlemmer72@google.co.uk,Andongrejo,,Indonesia,gold,"Artichoke - Hearts, Canned",182,credit,
256,Jody,Gainor,66,F,jgainor73@springer.com,Geputan,,China,normal,Longos - Grilled Chicken With,107,credit,5
257,Westleigh,Tellenbach,91,M,wtellenbach74@hud.gov,Oekefan,,Indonesia,gold,Pears - Bosc,13,credit,
258,Huberto,Rotchell,49,M,hrotchell75@sina.com.cn,Cileunyi,,Indonesia,silver,"Flour - Bran, Red",185,credit,
259,Marcela,Tough,43,F,mtough76@google.pl,Krajan C Wonorejo,,Indonesia,gold,Cinnamon Buns Sticky,77,debit,3
260,Blakeley,Royan,41,F,broyan77@cyberchimps.com,Jiangshan,,China,gold,"Shrimp - Baby, Warm Water",13,credit,
261,Brady,Brameld,39,M,,Mandala,,Indonesia,silver,Pasta - Angel Hair,155,,
262,Devlin,Youings,70,M,dyouings79@columbia.edu,,,Serbia,,Compound - Rum,124,debit,
263,Ennis,Sargison,37,M,esargison7a@goo.gl,Santa Rosa,,Peru,silver,Wine - Lamancha Do Crianza,90,,
264,Tana,Gahagan,17,F,tgahagan7b@hud.gov,Goraj,,Poland,normal,Wine - Niagara Peninsula Vqa,136,credit,
265,Zondra,Froome,81,F,zfroome7c@tamu.edu,San José Acatempa,,Guatemala,silver,Cheese - Blue,41,debit,
266,Tyson,Tippell,51,M,ttippell7d@about.me,Paris La Défense,,France,,Bacardi Breezer - Tropical,157,debit,
267,Byrle,Gammel,28,M,bgammel7e@printfriendly.com,Aisai,,Japan,silver,"Chicken - Base, Ultimate",74,,2
268,Tades,Lavelle,79,M,tlavelle7f@nytimes.com,Yingtou,,China,,Tea - Herbal - 6 Asst,21,credit,2
269,Moreen,MacAless,43,,mmacaless7g@ftc.gov,Broto,,Indonesia,normal,Pork Loin Cutlets,87,cash,5
270,Sherwynd,Blackaller,6,M,sblackaller7h@auda.org.au,Kratié,,Cambodia,gold,"Pasta - Fett Alfredo, Single Serve",186,cash,5
271,Bar,Maxstead,77,M,bmaxstead7i@studiopress.com,Polyarnyye Zori,,Russia,normal,Pickle - Dill,158,cash,1
272,Ivy,Terry,61,F,,Ḩalwān,,Egypt,normal,Pear - Asian,70,,1
273,Zena,Alten,7,F,zalten7k@simplemachines.org,Cibungur,,Indonesia,gold,Pepper - Scotch Bonnet,47,credit,
274,Callean,Walhedd,51,M,cwalhedd7l@rambler.ru,Avignon,Provence-Alpes-Côte d'Azur,France,normal,Compound - Rum,142,cash,5
275,Lolita,Asquez,55,F,lasquez7m@ihg.com,,,Indonesia,normal,Bar - Sweet And Salty Chocolate,51,debit,5
276,Charita,Colquyte,28,F,,Zhovkva,,Ukraine,silver,Steam Pan - Half Size Deep,142,cash,5
277,Harmonie,Pitrollo,35,,,Clermont-Ferrand,Auvergne,France,silver,Grapes - Green,172,,5
278,Kiah,Hasty,29,F,khasty7p@webs.com,Bandeirantes,,Brazil,gold,Chips Potato Salt Vinegar 43g,150,debit,1
279,Vidovik,Biggen,11,M,vbiggen7q@eepurl.com,Klášterec nad Ohří,,Czech Republic,gold,Plasticknivesblack,96,credit,5
280,Giffie,Cawkill,42,M,gcawkill7r@meetup.com,Koina,,Gambia,normal,Wine - Fino Tio Pepe Gonzalez,156,credit,2
281,Amos,Gilfoy,58,M,,Xinglong,,China,normal,"Cheese - Havarti, Roasted Garlic",104,cash,2
282,Hersch,Ecclestone,79,M,hecclestone7t@engadget.com,Lianhua,,China,gold,Rabbit - Saddles,99,debit,
283,Paddy,Moen,88,M,pmoen7u@indiatimes.com,Staromyshastovskaya,,Russia,normal,Jam - Apricot,78,credit,5
284,Nicolea,Durrell,63,F,ndurrell7v@163.com,Fort Wayne,,United States,gold,Easy Off Oven Cleaner,128,cash,4
285,Fifine,Akeherst,59,F,fakeherst7w@woothemes.com,Yolöten,,Turkmenistan,normal,Onions - Spanish,74,debit,
286,Marieann,Brooksby,12,F,mbrooksby7x@dailymail.co.uk,Scottsdale,,United States,gold,Kellogs Cereal In A Cup,103,debit,1
287,Simmonds,Wickmann,66,M,,Dosso,,Niger,gold,Duck - Fat,45,cash,1
288,Lori,Veasey,28,,lveasey7z@google.com.au,Igreja,,Portugal,silver,"Clams - Littleneck, Whole",141,cash,4
289,Duke,Huckerby,89,M,dhuckerby80@slate.com,Bolesławiec,,Poland,gold,Gingerale - Diet - Schweppes,55,credit,
290,Clementia,Volkers,99,F,cvolkers81@fda.gov,Tiko,,Cameroon,normal,Pork - Sausage Casing,22,,5
291,Tabbie,Christoforou,47,F,tchristoforou82@bravesites.com,,,Indonesia,gold,Plate Pie Foil,67,debit,3
292,Alberta,Wick,26,F,,Łomża,,Poland,gold,Curry Powder,129,debit,1
293,Christel,Allsep,49,F,callsep84@twitter.com,Ban Houayxay,,Laos,gold,Whmis - Spray Bottle Trigger,160,,
294,Babbette,Doggart,88,F,bdoggart85@acquirethisname.com,Qianwei,,China,gold,Sprouts - China Rose,60,credit,
295,Benjamen,Weinham,28,M,bweinham86@mlb.com,Palocabildo,,Colombia,silver,"Olives - Green, Pitted",107,,4
296,Emanuele,McGuinley,59,M,emcguinley87@shutterfly.com,Yangxunqiao,,China,silver,"Soup - Canadian Pea, Dry Mix",74,debit,5
297,Claybourne,Hospital,50,M,chospital88@tuttocitta.it,Caicara,,Venezuela,gold,Hog / Sausage Casing - Pork,63,cash,5
298,Austen,Risbridge,51,M,arisbridge89@opensource.org,Jutaí,,Brazil,silver,Bread Crumbs - Japanese Style,95,credit,
299,Sheppard,MacLucais,82,M,,Clervaux,,Luxembourg,silver,"Oil - Shortening,liqud, Fry",19,credit,5
300,Viki,Tackell,3,F,vtackell8b@tuttocitta.it,Dulovo,,Bulgaria,silver,Spice - Pepper Portions,56,cash,3
301,Buddy,Nosworthy,64,M,bnosworthy8c@mlb.com,Ancenis,Pays de la Loire,France,silver,Rice - Sushi,23,debit,2
302,Ev,Wealthall,80,M,ewealthall8d@themeforest.net,Biloxi,Mississippi,United States,normal,Chocolate - Feathers,73,debit,4
303,Josiah,Woodroff,86,M,jwoodroff8e@dot.gov,Đạ Tẻh,,Vietnam,silver,Ham - Proscuitto,198,,5
304,Cherin,Duffie,64,F,cduffie8f@answers.com,Kendalrejo,,Indonesia,silver,"Cheese - Brie, Cups 125g",68,cash,3
305,Mohandas,Shorrock,75,M,mshorrock8g@unblog.fr,Ungsang,,South Korea,silver,"Nut - Chestnuts, Whole",69,credit,
306,Harold,Aitken,75,M,haitken8h@aol.com,,,Russia,silver,Squid U5 - Thailand,172,debit,3
307,Sonny,Oughton,86,,soughton8i@nsw.gov.au,Palmas,,Brazil,silver,Bread - Assorted Rolls,92,credit,
308,Dee,De Launde,9,F,ddelaunde8j@1688.com,Tsirang,,Bhutan,silver,"Oregano - Dry, Rubbed",133,credit,
309,Xerxes,Weildish,42,,xweildish8k@t-online.de,Jadranovo,,Croatia,gold,Bread - Bistro Sour,106,debit,5
310,Merrilee,Maplesden,86,F,mmaplesden8l@auda.org.au,Pochinki,,Russia,silver,Swiss Chard,177,debit,1
311,Humfried,Hurley,41,M,hhurley8m@topsy.com,Centar Župa,,Macedonia,normal,Russian Prince,82,cash,2
312,Hewet,Ridett,26,M,hridett8n@columbia.edu,Pamedaran,,Indonesia,normal,Flour - Cake,135,debit,2
313,Becca,Pasquale,27,,bpasquale8o@ftc.gov,Candelaria,,Colombia,gold,Sour Puss - Tangerine,113,debit,1
314,Cindelyn,Ruzek,23,F,cruzek8p@scribd.com,Diamantina,,Philippines,silver,Octopus,136,credit,3
315,Torrin,Bester,41,,tbester8q@bravesites.com,Geshan,,China,silver,Wonton Wrappers,145,credit,3
316,Daffy,Bein,46,F,,Ngkiong,,Indonesia,gold,Garlic Powder,146,cash,2
317,Edeline,McSperron,53,F,emcsperron8s@elpais.com,Joševa,,Serbia,silver,"Veal - Brisket, Provimi,bnls",94,cash,
318,Luis,Burmaster,42,M,lburmaster8t@earthlink.net,Pápa,Veszprém,Hungary,,"Beans - Long, Chinese",147,cash,4
319,Allyn,Patise,32,F,apatise8u@state.gov,Konstantinovsk,,Russia,,"Water - Mineral, Carbonated",130,debit,5
320,Tanya,Dearn,24,F,tdearn8v@myspace.com,,,Japan,silver,Bread - Kimel Stick Poly,63,,
321,Whitman,Pessler,61,M,wpessler8w@sakura.ne.jp,Panineungan,,Indonesia,normal,Tuna - Bluefin,76,cash,2
322,Mellicent,Boar,91,F,mboar8x@twitter.com,Laowobao,,China,gold,Island Oasis - Cappucino Mix,19,debit,1
323,Sholom,Neath,20,M,sneath8y@usda.gov,Ciawitali,,Indonesia,gold,Seabream Whole Farmed,137,credit,
324,Dulcy,Hungerford,82,F,dhungerford8z@wsj.com,,,Indonesia,gold,"Star Anise, Whole",174,debit,5
325,Tracey,Worg,57,F,tworg90@hc360.com,Vila Nova de Santo André,Setúbal,Portugal,silver,Bread - French Baquette,141,,
326,Bobette,Duckham,36,F,bduckham91@intel.com,Zhongcun,,China,gold,Cookies Cereal Nut,133,debit,1
327,Jemima,Robers,8,F,jrobers92@tripadvisor.com,Kozloduy,,Bulgaria,normal,Tuna - Sushi Grade,19,cash,
328,Sammy,Addionisio,70,M,saddionisio93@netscape.com,Bradashesh,,Albania,gold,Frangelico,96,debit,2
329,Chico,Crewdson,65,M,ccrewdson94@lycos.com,Pietà,,Malta,,Glaze - Clear,186,credit,3
330,Rodolph,Tixall,23,,rtixall95@intel.com,Urus-Martan,,Russia,normal,Bread - Pumpernickel,164,credit,
331,Jimmy,Barrand,94,M,jbarrand96@nsw.gov.au,Sundsvall,Västernorrland,Sweden,normal,Chocolate - White,198,debit,2
332,Roseanna,Garnsey,56,F,rgarnsey97@nationalgeographic.com,Bacong,,Philippines,gold,Cookie Chocolate Chip With,5,credit,
333,Aeriel,Wickrath,6,F,awickrath98@utexas.edu,Lianrao,,China,normal,"Stock - Veal, Brown",184,credit,
334,Trumaine,Mantrup,99,M,tmantrup99@cnn.com,Stupari,,Bosnia and Herzegovina,gold,"Soup - Knorr, Chicken Gumbo",66,debit,4
335,Taite,Gioan,5,M,tgioan9a@newyorker.com,Vodstroy,,Russia,normal,Fennel - Seeds,67,cash,3
336,Tuck,McGoogan,88,M,,Librazhd-Qendër,,Albania,gold,Rolled Oats,182,credit,
337,Martie,Wankling,80,F,mwankling9c@abc.net.au,Meijiang,,China,silver,Cheese - Valancey,48,,
338,Adella,Avo,54,F,,Ruen,,Bulgaria,gold,Beef - Eye Of Round,90,cash,
339,Adina,Spirritt,20,F,aspirritt9e@arstechnica.com,Xin’andu,,China,gold,Lettuce - Boston Bib - Organic,41,debit,3
340,Kaleena,Baynard,79,,kbaynard9f@icq.com,,,China,normal,Quinoa,146,,3
341,Lutero,Sapsford,16,M,lsapsford9g@yandex.ru,Kampong Speu,,Cambodia,gold,"Artichoke - Bottom, Canned",8,credit,5
342,Lothario,Concklin,84,M,lconcklin9h@scribd.com,Krasnohrad,,Ukraine,gold,Leeks - Large,54,cash,4
343,Oberon,Collyns,3,M,ocollyns9i@nbcnews.com,La Curva,,Peru,gold,Beets - Pickled,8,debit,5
344,Belinda,Kleisle,52,F,bkleisle9j@fema.gov,Wangzha,,China,normal,Cake - Cake Sheet Macaroon,40,,5
345,Weidar,Tumility,8,,wtumility9k@nyu.edu,Mayqayyng,,Kazakhstan,,"Bread - Bagels, Mini",59,cash,5
346,Danie,Baggelley,84,M,dbaggelley9l@sogou.com,Itapecerica da Serra,,Brazil,normal,Sobe - Orange Carrot,99,debit,3
347,Mel,Gilyott,68,F,mgilyott9m@tmall.com,Wien,Wien,Austria,normal,"Rice Pilaf, Dry,package",100,credit,
348,Norman,Marquess,88,,nmarquess9n@fema.gov,Moroni,,Comoros,silver,Ecolab - Solid Fusion,196,debit,1
349,Cacilie,Dalzell,31,F,cdalzell9o@photobucket.com,Rifeng,,China,gold,"Crush - Grape, 355 Ml",15,credit,
350,Tally,Daley,19,M,tdaley9p@house.gov,,,Andorra,gold,"Wine - Red, Concha Y Toro",109,cash,
351,Shaun,Lotze,89,M,slotze9q@vkontakte.ru,Degan,,China,normal,Bagelers - Cinn / Brown,179,credit,3
352,Alfy,Yurocjkin,45,M,ayurocjkin9r@alexa.com,Tuluá,,Colombia,gold,Beets,37,,4
353,Natal,Crowd,59,M,ncrowd9s@jimdo.com,Kertai,,China,normal,"Nut - Pine Nuts, Whole",41,debit,3
354,Cher,Ottewill,41,F,,Rifu,,Japan,gold,Sponge Cake Mix - Vanilla,32,credit,4
355,Carmelle,Collens,70,F,,Liufu,,China,normal,"Tart Shells - Savory, 4",136,credit,3
356,Phylys,Shippard,99,F,pshippard9v@ebay.co.uk,Sainte-Geneviève-des-Bois,,France,gold,Oil - Peanut,76,credit,2
357,Garv,Gabbitus,19,M,ggabbitus9w@sbwire.com,,Braga,Portugal,gold,"Vermouth - White, Cinzano",190,debit,5
358,Brandyn,Clougher,45,M,,Zhukeng,,China,gold,"Pork - Sausage, Medium",167,credit,4
359,Marji,Tupp,8,F,mtupp9y@vistaprint.com,Banjar Susut Kaja,,Indonesia,gold,Smoked Paprika,118,credit,2
360,Joshuah,Minton,6,M,jminton9z@elpais.com,Boca do Acre,,Brazil,normal,Beef - Sushi Flat Iron Steak,32,cash,5
361,Renata,Waite,92,F,rwaitea0@unblog.fr,Bar-le-Duc,Lorraine,France,gold,Wine - Zonnebloem Pinotage,195,cash,3
362,Merwyn,Uzzell,92,M,muzzella1@blinklist.com,Bhairab Bāzār,,Bangladesh,silver,Juice - Apple Cider,44,debit,
363,Earlie,Colles,68,,ecollesa2@marketwatch.com,Fresno,,United States,silver,Beer - Labatt Blue,194,debit,5
364,Silvain,McInility,73,M,,Espírito Santo do Pinhal,,Brazil,silver,Creamers - 10%,138,,1
365,Worth,Colthard,85,M,wcoltharda4@google.com.au,Miłakowo,,Poland,gold,Calypso - Black Cherry Lemonade,168,debit,1
366,Lorelle,Baroux,74,F,lbarouxa5@paginegialle.it,Antsiranana,,Madagascar,silver,Oven Mitt - 13 Inch,146,,
367,Reynolds,Ridgers,9,M,rridgersa6@dailymotion.com,Kutamandarakan,,Indonesia,silver,Wine - Rhine Riesling Wolf Blass,30,cash,4
368,Marta,Coot,90,F,mcoota7@psu.edu,Göteborg,,Sweden,gold,Wine - Ej Gallo Sonoma,0,debit,
369,Josee,Hush,68,F,,Xiwang,,China,normal,Flax Seed,106,credit,2
370,Bonnibelle,Hacquoil,29,F,,Milwaukee,Wisconsin,United States,gold,Sausage - Meat,71,credit,2
371,Tris,Lamble,40,M,tlambleaa@unicef.org,Jablonec nad Jizerou,,Czech Republic,normal,Sour Cream,11,cash,1
372,Sawyer,Pursehouse,66,M,spursehouseab@ameblo.jp,Oktyabr’skiy,,Russia,normal,English Muffin,155,credit,1
373,Shantee,Lintall,20,F,slintallac@wisc.edu,Selebi-Phikwe,,Botswana,silver,"Wine - Red, Lurton Merlot De",92,debit,2
374,Maire,Hopfner,54,F,mhopfnerad@yellowpages.com,Hamburg,Hamburg,Germany,silver,Chicken - Wieners,78,cash,
375,Gannon,Sacchetti,82,M,gsacchettiae@clickbank.net,Haliut,,China,silver,Lumpfish Black,140,debit,1
376,Clarke,Rahl,22,M,crahlaf@mlb.com,,,Philippines,silver,Spice - Montreal Steak Spice,165,cash,5
377,Juanita,Delhanty,28,F,jdelhantyag@marketwatch.com,Yangdun,,China,normal,Tarragon - Fresh,66,credit,
378,Nikkie,Breen,13,F,nbreenah@ucla.edu,Itu,,Nigeria,,"Wine - Red, Gallo, Merlot",30,credit,3
379,Jackie,Plampin,37,M,jplampinai@google.fr,Helin,,China,gold,Seabream Whole Farmed,55,credit,3
380,Lanny,Burdekin,56,,lburdekinaj@yellowbook.com,Byuravan,,Armenia,gold,Honey - Lavender,156,,2
381,Saundra,Inde,22,,sindeak@cornell.edu,Jokkmokk,,Sweden,normal,Bread - Hamburger Buns,187,cash,
382,Larissa,Ellson,23,,lellsonal@t-online.de,Santos,,Brazil,gold,Bread - Bistro White,85,debit,
383,Lara,Molloy,95,F,lmolloyam@nih.gov,Abu Dhabi,,United Arab Emirates,gold,Compound - Raspberry,160,debit,4
384,Dael,Dahler,88,M,ddahleran@bizjournals.com,Jessore,,Bangladesh,,Longos - Assorted Sandwich,153,debit,3
385,Edvard,Keays,50,M,ekeaysao@mapquest.com,Pejibaye,,Costa Rica,gold,Sauce - Chili,59,cash,5
386,Rodrick,Huckerby,10,M,rhuckerbyap@histats.com,Yiyang,,China,silver,"Quail - Whole, Bone - In",164,credit,5
387,Clarette,Daine,8,F,cdaineaq@blogs.com,Dzuunmod,,Mongolia,normal,Otomegusa Dashi Konbu,15,debit,
388,Berty,McKnish,99,M,bmcknishar@businessinsider.com,Shuixi,,China,silver,Basil - Fresh,37,credit,1
389,Evin,Byart,64,M,ebyartas@hud.gov,Munkfors,Värmland,Sweden,silver,Peas - Frozen,84,,2
390,Karina,Kingscote,20,F,kkingscoteat@1und1.de,Klonowa,,Poland,normal,Dome Lid Clear P92008h,197,debit,
391,Jeralee,Hainey`,14,F,jhaineyau@weather.com,Bayangol,,Mongolia,gold,Chicken - White Meat With Tender,41,debit,
392,Wallie,Collingworth,90,M,wcollingworthav@cafepress.com,Pukou,,China,gold,"Crush - Orange, 355ml",69,debit,1
393,Philomena,McKeefry,100,F,pmckeefryaw@prnewswire.com,Zhouji,,China,silver,Peppercorns - Pink,139,cash,4
394,Caddric,Loughnan,9,M,cloughnanax@scientificamerican.com,Lazdijai,,Lithuania,gold,Bread Base - Italian,198,debit,1
395,Amy,Casarino,95,F,acasarinoay@dedecms.com,Atolina,,Belarus,gold,"Jam - Strawberry, 20 Ml Jar",194,cash,
396,Dennet,Mailey,82,,,Emmaboda,Kalmar,Sweden,silver,Cheese - Montery Jack,78,credit,5
397,Walton,Butson,29,M,wbutsonb0@uiuc.edu,Tangxia,,China,normal,Cheese Cloth No 100,30,credit,
398,Gram,Messom,98,M,gmessomb1@sourceforge.net,Pemzashen,,Armenia,normal,Tuna - Sushi Grade,172,cash,
399,Shaughn,Cockcroft,95,M,scockcroftb2@histats.com,Finote Selam,,Ethiopia,gold,Cabbage Roll,6,debit,
400,Emory,Escreet,77,M,eescreetb3@shareasale.com,Shimen,,China,,Jicama,7,cash,5
401,Vinson,Gheeraert,97,M,vgheeraertb4@globo.com,Järfälla,Stockholm,Sweden,silver,Crackers - Trio,130,debit,1
402,Giff,Walsh,33,M,gwalshb5@squidoo.com,Åkersberga,Stockholm,Sweden,silver,Pastry - Mini French Pastries,150,debit,2
403,Martainn,Crighton,69,M,,Jiangning,,China,silver,Sausage - Andouille,80,credit,1
404,Christoper,Rotte,11,M,crotteb7@oakley.com,Shuiyang,,China,gold,Soup - Campbells Tomato Ravioli,184,debit,
405,Bonny,Langley,31,F,blangleyb8@google.co.jp,Puerto Quijarro,,Bolivia,silver,Dc - Sakura Fu,80,credit,3
406,Johnathon,Dearnly,1,M,,Purworejo,,Indonesia,silver,Sugar - White Packet,118,cash,
407,Wilow,Sivills,24,F,wsivillsba@altervista.org,Iracemápolis,,Brazil,normal,"Fish - Halibut, Cold Smoked",127,debit,3
408,Marlon,Cleall,54,M,mcleallbb@gizmodo.com,,,China,gold,Wine - Maipo Valle Cabernet,153,cash,
409,Ophelie,Alejandre,56,F,oalejandrebc@tuttocitta.it,Nagykanizsa,Zala,Hungary,silver,Rosemary - Dry,172,credit,
410,Berke,Braga,4,M,,Chuanbu,,China,silver,Samosa - Veg,143,debit,1
411,Missy,Willan,77,F,mwillanbe@eepurl.com,Slobodka,,Russia,,"Turkey - Breast, Bone - In",177,,
412,Randal,Smyley,37,M,rsmyleybf@geocities.com,Gŭlŭbovo,,Bulgaria,gold,Ice Cream Bar - Oreo Sandwich,168,credit,1
413,Jefferson,Averay,86,M,javeraybg@squidoo.com,Ấp Tân Ngãi,,Vietnam,normal,Cranberries - Fresh,131,cash,
414,Vidovic,Figge,35,M,vfiggebh@xing.com,Badung,,Indonesia,normal,Kaffir Lime Leaves,16,debit,1
415,Evan,Barbe,87,M,ebarbebi@china.com.cn,Villanueva,,Philippines,gold,Energy Drink Bawls,14,cash,4
416,Barr,Dudding,46,M,bduddingbj@t-online.de,Iquique,,Chile,normal,Avocado,159,,
417,Tatum,Irnis,51,F,tirnisbk@mapquest.com,Jiupu,,China,normal,"Pork - Bacon, Double Smoked",40,credit,
418,Etty,Tomek,32,F,etomekbl@prnewswire.com,Ban Talat Nua,,Thailand,silver,Flower - Daisies,180,cash,4
419,Arri,Harvard,45,M,aharvardbm@photobucket.com,Araçoiaba da Serra,,Brazil,silver,"Tuna - Canned, Flaked, Light",70,credit,1
420,Shane,Jotham,10,M,sjothambn@sciencedirect.com,Cifuentes,,Cuba,gold,"Cheese - Cheddar, Old White",163,,4
421,Rosalyn,McCambrois,88,F,rmccambroisbo@springer.com,Kogota,,Japan,,Tequila - Sauza Silver,159,debit,
422,Otto,Thams,78,M,othamsbp@dyndns.org,Envira,,Brazil,silver,Wine - Tio Pepe Sherry Fino,179,debit,2
423,Quinton,Tate,78,M,qtatebq@blogspot.com,Mulchén,,Chile,gold,Veal - Sweetbread,58,cash,2
424,Nicolais,Biford,85,M,nbifordbr@zdnet.com,Nueva Vida Sur,,Philippines,normal,Eel Fresh,149,debit,2
425,Dominga,Licciardo,47,F,dlicciardobs@oakley.com,San Casimiro,,Venezuela,silver,Beer - Upper Canada Light,23,debit,4
426,Livvie,Fronsek,58,,lfronsekbt@usatoday.com,Krasnyye Chetai,,Russia,silver,"Lamb - Whole, Frozen",47,debit,2
427,Nancie,Galer,57,F,ngalerbu@privacy.gov.au,Suhopolje,,Croatia,gold,"Wine - White, Ej Gallo",195,credit,
428,Theressa,Matteacci,24,F,tmatteaccibv@biblegateway.com,Szprotawa,,Poland,gold,Papadam,129,debit,1
429,Franklin,Vears,28,M,fvearsbw@de.vu,Igoumenítsa,,Greece,normal,Puff Pastry - Sheets,169,,
430,Blaire,Markey,37,,bmarkeybx@usda.gov,,,Chile,gold,Salmon Steak - Cohoe 6 Oz,188,debit,
431,Homer,Kesper,94,M,,Sinchao,,Peru,,Appetiser - Bought,184,cash,3
432,Rhett,Ingman,9,M,ringmanbz@hostgator.com,Chironkamba,,Comoros,gold,Soup - Cream Of Potato / Leek,150,debit,
433,Aron,Schreurs,5,M,aschreursc0@naver.com,Nový Bydžov,,Czech Republic,normal,"Plate - Foam, Bread And Butter",75,,1
434,Rosco,Aggis,91,M,raggisc1@jugem.jp,Besançon,Franche-Comté,France,gold,Cups 10oz Trans,40,debit,2
435,Allard,Ibbett,42,M,,Grästorp,Västra Götaland,Sweden,gold,Marzipan 50/50,36,debit,
436,Griffith,Ingall,18,M,gingallc3@tuttocitta.it,Tonga,,Cameroon,normal,"Lemonade - Island Tea, 591 Ml",84,credit,
437,Nalani,Sire,24,F,nsirec4@nationalgeographic.com,Zalesnoye,,Ukraine,silver,Cookies - Englishbay Wht,86,credit,5
438,Jere,Liffe,4,M,jliffec5@amazon.de,Demyansk,,Russia,normal,Wine - Mondavi Coastal Private,194,cash,
439,Oswald,Reinbeck,76,M,oreinbeckc6@mac.com,Barreira,Viana do Castelo,Portugal,gold,Wine - Montecillo Rioja Crianza,98,debit,4
440,Fin,Spilsted,15,M,fspilstedc7@yellowbook.com,Huiqi,,China,silver,Chips Potato All Dressed - 43g,197,cash,3
441,Adela,Cuttles,43,,acuttlesc8@pagesperso-orange.fr,Lamatuka,,Indonesia,silver,Corn - Mini,108,,
442,Rupert,Brugh,80,M,rbrughc9@forbes.com,Shatrovo,,Russia,silver,Blueberries - Frozen,190,cash,
443,Mada,Sizland,43,F,msizlandca@github.io,Baxiangshan,,China,normal,Beans - Yellow,11,debit,3
444,Tracy,Klug,14,M,tklugcb@angelfire.com,Hengshan,,China,gold,Dip - Tapenade,149,cash,
445,Matthiew,Wormleighton,68,M,,Lewotola,,Indonesia,normal,Mudslide,116,cash,
446,Shepherd,Ovenell,73,M,,Wansheng,,China,silver,Cheese - Stilton,178,debit,1
447,Christye,MacGoun,72,F,cmacgounce@paginegialle.it,Guanchao,,China,,Wine - Magnotta - Cab Sauv,113,cash,5
448,Enrique,Sayle,83,M,esaylecf@pen.io,Makueni,,Kenya,normal,Figs,140,credit,1
449,Pancho,Iskow,21,M,piskowcg@paypal.com,Juncalito Abajo,,Dominican Republic,,Chocolate - Compound Coating,37,debit,
450,Jere,Drews,100,M,jdrewsch@thetimes.co.uk,Listvyanka,,Russia,gold,"Lamb - Whole, Frozen",75,debit,3
451,Winny,Kerin,38,F,wkerinci@about.com,Město Albrechtice,,Czech Republic,normal,Lemon Tarts,184,cash,5
452,Erskine,Philippault,46,M,ephilippaultcj@netvibes.com,Olszanica,,Poland,silver,Creme De Menth - White,113,debit,5
453,Bonny,O'Kelly,13,F,bokellyck@auda.org.au,Agiásos,,Greece,,Corn Shoots,48,cash,1
454,Alair,Rogerson,48,M,arogersoncl@businesswire.com,Melun,,France,,Melon - Honey Dew,36,credit,
455,Kiersten,MacMorland,22,F,kmacmorlandcm@163.com,,,Tunisia,,Samosa - Veg,124,cash,5
456,Barthel,Druitt,38,M,bdruittcn@google.de,Kudahuvadhoo,,Maldives,silver,Sauce - Balsamic Viniagrette,171,credit,5
457,Darrel,Calloway,50,M,dcallowayco@google.com.au,Paoay,,Philippines,silver,Muffin Hinge - 211n,69,cash,
458,Welbie,Brayshay,80,M,wbrayshaycp@com.com,Bouna,,Ivory Coast,silver,Pastry - Raisin Muffin - Mini,189,debit,1
459,Ki,Gricks,80,F,kgrickscq@mac.com,Tuanalepe,,Indonesia,normal,Wine - Rubyport,101,credit,1
460,Patricia,Greveson,74,F,pgrevesoncr@about.com,Chiquimulilla,,Guatemala,silver,"Jam - Strawberry, 20 Ml Jar",195,credit,3
461,Etienne,Loveguard,58,M,eloveguardcs@tmall.com,,Nordrhein-Westfalen,Germany,normal,Bacardi Raspberry,196,credit,1
462,Kerwin,Benda,21,M,kbendact@devhub.com,Aranhas,,Portugal,gold,"Clams - Littleneck, Whole",2,debit,2
463,Dora,Greenless,25,F,dgreenlesscu@cloudflare.com,Brusartsi,,Bulgaria,normal,Sauce - Marinara,143,cash,5
464,Blakelee,Gossop,53,,bgossopcv@reddit.com,Damnoen Saduak,,Thailand,gold,Pie Shells 10,136,debit,1
465,Ericha,Chalfont,17,F,echalfontcw@netvibes.com,Edsbyn,Gävleborg,Sweden,gold,"Crab - Dungeness, Whole",88,credit,1
466,Kearney,Ambrogioni,11,M,kambrogionicx@youku.com,Lucaya,,Bahamas,normal,Chicken - Ground,91,debit,5
467,Osbourne,Suart,11,M,osuartcy@youku.com,Chongru,,China,normal,Chick Peas - Dried,87,cash,4
468,Oralia,Styan,90,F,ostyancz@weebly.com,Shuangshan,,China,gold,"Wine - White, Schroder And Schyl",170,credit,3
469,Veriee,Shury,7,F,vshuryd0@i2i.jp,Krouna,,Czech Republic,gold,Container - Clear 32 Oz,17,,
470,Harriet,Hellard,48,,hhellardd1@google.com,Semampirbarat,,Indonesia,silver,"Marjoram - Dried, Rubbed",168,debit,4
471,Barri,Cottisford,98,M,bcottisfordd2@boston.com,Pitrufquén,,Chile,,Chocolate Bar - Coffee Crisp,61,cash,
472,Gusty,Farthing,13,F,gfarthingd3@bandcamp.com,Nesovice,,Czech Republic,normal,Compound - Orange,199,debit,5
473,Daria,Marr,90,F,dmarrd4@nbcnews.com,Vũ Quang,,Vietnam,normal,Garlic - Peeled,7,cash,1
474,Bernette,Ayliff,57,F,bayliffd5@g.co,Malekān,,Iran,,Energy - Boo - Koo,190,debit,3
475,Amaleta,Ragles,76,F,araglesd6@twitpic.com,Iquipi,,Peru,normal,Chips Potato Salt Vinegar 43g,109,credit,2
476,Mariejeanne,Huthart,74,F,mhuthartd7@wp.com,Uitiuhtuan,,Indonesia,gold,Duck - Fat,13,,
477,Bud,MacSkeagan,4,M,bmacskeagand8@ehow.com,Greensboro,,United States,gold,"Doilies - 5, Paper",56,cash,
478,Fin,Fallows,19,M,ffallowsd9@prlog.org,Pamplona,,Colombia,silver,Napkin White,131,credit,3
479,Deena,Champe,85,F,dchampeda@reference.com,Profítis Ilías,,Greece,gold,Wine - Domaine Boyar Royal,62,cash,
480,Georgie,Orum,80,M,gorumdb@examiner.com,Erbil,,Iraq,normal,Vinegar - White,140,debit,4
481,Greg,Fyfield,15,M,gfyfielddc@dailymail.co.uk,Chapultepec,Veracruz Llave,Mexico,gold,Roe - Flying Fish,197,cash,3
482,Marylynne,Daal,32,F,mdaaldd@mediafire.com,Yutan,,China,normal,Bagelers - Cinn / Brown Sugar,188,credit,2
483,Danya,Chansonne,93,F,dchansonnede@seattletimes.com,Huashi,,China,gold,Wine - Toasted Head,49,debit,
484,Aviva,Arunowicz,79,,aarunowiczdf@china.com.cn,Tokonou,,Guinea,,Olive - Spread Tapenade,134,credit,2
485,Anatol,Caps,97,M,acapsdg@liveinternet.ru,Brzączowice,,Poland,normal,Carrots - Jumbo,98,credit,5
486,Garrik,Kleinlerer,72,M,gkleinlererdh@nationalgeographic.com,Pueblo Nuevo,,Peru,gold,Container - Clear 16 Oz,106,credit,2
487,Gavan,Dun,61,M,gdundi@hubpages.com,Mojoroto,,Indonesia,gold,Fudge - Chocolate Fudge,65,cash,1
488,Maddi,Belfrage,25,F,mbelfragedj@dailymail.co.uk,Dashiqiao,,China,normal,"Appetizer - Mini Egg Roll, Shrimp",115,credit,1
489,Michele,Whorall,96,M,mwhoralldk@webeden.co.uk,Camingawan,,Philippines,gold,Basil - Thai,175,cash,
490,Rosabelle,Watkiss,77,F,rwatkissdl@blogs.com,Vidago,Vila Real,Portugal,silver,Coffee - Irish Cream,166,credit,2
491,Waverley,McLeman,7,M,wmclemandm@github.com,Makur,,Micronesia,gold,"Stock - Beef, Brown",63,cash,5
492,Suzann,Itscovitz,29,F,sitscovitzdn@behance.net,Piskavica,,Bosnia and Herzegovina,gold,Bread - Hot Dog Buns,2,debit,5
493,Kimberlee,Nell,92,F,knelldo@who.int,Wadeng,,Indonesia,normal,Muffin Hinge Container 6,31,,4
494,Caria,Poley,97,,cpoleydp@miitbeian.gov.cn,Zhangguanying,,China,gold,Bread Foccacia Whole,188,,1
495,Dixie,Monkton,79,F,dmonktondq@g.co,Longhua,,China,gold,Chicken - Ground,66,debit,2
496,Salmon,Bownd,4,,,Jiangmen,,China,normal,Pumpkin,120,debit,4
497,Delilah,Palmby,92,F,dpalmbyds@rakuten.co.jp,Harstad,Troms,Norway,normal,Wine - Cabernet Sauvignon,152,credit,
498,Bettina,Gress,72,F,bgressdt@independent.co.uk,Naka,,Japan,silver,Dc - Frozen Momji,82,cash,4
499,Hank,Lovel,13,M,hloveldu@hc360.com,Jifarong,,Gambia,gold,Bread - Crusty Italian Poly,195,credit,
500,Bobbie,Toquet,46,M,btoquetdv@usa.gov,Independencia,,Peru,gold,Coffee - Almond Amaretto,75,debit,3
