,order_id,category,subcategory,name,price,quantity,discount,price_paid ,coupon_applied,price_paid
0,1,Home,Cleaning,Cleaning Mechanism,11.99,3,30.0,8.393,True,31
1,2,Activity,Biking,Biking Mechanism,82.99,4,40.0,49.794,False,298
2,3,Electronics,Camera,Camera Device,115.99,1,20.0,92.792,False,92
3,4,Home,Furniture,Furniture Thingamajig,147.0,3,40.0,88.2,False,383
4,5,Activity,Beach,Beach Tool,114.99,5,50.0,57.495,False,517
5,6,Home,Cooking,Cooking Paraphernalia,159.0,4,10.0,143.1,False,621
6,7,Activity,Outdoors,Outdoors Gizmo,105.99,3,5.0,100.6905,False,312
7,8,Home,Storage,Storage Instrument,137.0,1,40.0,82.2,True,69
8,9,Entertainment,Book,Book Item,84.0,2,10.0,75.6,False,160
9,10,Beauty,Bath,Bath Widget,197.95,4,50.0,98.975,True,673
10,11,Beauty,Makeup,Makeup Apparatus,83.95,4,50.0,41.975,False,294
11,12,Activity,Biking,Biking Rig,118.95,2,30.0,83.265,False,202
12,13,Entertainment,Movie,Movie Paraphernalia,90.99,4,30.0,63.693,False,336
13,14,Entertainment,Book,Book Doodad,51.99,1,40.0,31.194,True,26
14,15,Clothing,Baby,Baby Machine,49.99,4,30.0,34.993,False,185
15,16,Clothing,Mens,Mens Gadget,52.99,2,40.0,31.794,True,79
16,17,Electronics,Phone,Phone Paraphernalia,81.99,5,40.0,49.194,False,377
17,18,Automotive,Car,Car Tool,126.95,3,30.0,88.865,True,330
18,19,Entertainment,Party,Party Paraphernalia,11.0,2,30.0,7.7,False,19
19,20,Home,Gardening,Gardening Supplies,150.0,4,50.0,75.0,True,510
20,21,Automotive,Car,Car Tool,16.0,2,40.0,9.6,False,26
21,22,Clothing,Jewelry,Jewelry Widget,143.0,2,30.0,100.1,False,244
22,23,Automotive,Truck,Truck Tool,41.99,2,25.0,41.99,False,73
23,24,Health,Medicine,Medicine Machine,92.95,2,5.0,88.3025,True,172
24,25,Clothing,Jewelry,Jewelry Paraphernalia,175.0,4,30.0,122.5,False,648
25,26,Activity,Beach,Beach Apparatus,17.95,5,50.0,8.975,False,81
26,27,Home,Kitchen,Kitchen Attachment,183.0,3,10.0,164.7,True,513
27,28,Activity,Fitness,Fitness Equipment,46.99,2,5.0,44.6405,True,86
28,29,Beauty,Bath,Bath Apparatus,42.99,3,30.0,30.093,False,116
29,30,Home,Bedding,Bedding Gizmo,38.99,4,50.0,19.495,False,136
30,31,Beauty,Hair Care,Hair Care Paraphernalia,52.95,5,20.0,42.36,False,254
31,32,Electronics,Camera,Camera Accessory,81.99,4,25.0,81.99,True,299
32,33,Clothing,Womens,Womens Widget,149.95,3,40.0,89.97,True,375
33,34,Automotive,Tire,Tire Tool,191.0,5,10.0,171.9,True,917
34,35,Clothing,Baby,Baby Apparatus,65.99,5,40.0,39.594,True,297
35,36,Activity,Biking,Biking Doodad,162.99,4,10.0,146.691,False,635
36,37,Automotive,Tire,Tire Doodad,77.99,2,20.0,62.392,False,140
37,38,Automotive,Car,Car Apparatus,187.99,1,25.0,187.99,True,122
38,39,Entertainment,Game,Game Device,96.0,5,25.0,96.0,True,447
39,40,Health,Vitamin,Vitamin Gear,193.0,3,30.0,135.1,True,502
40,41,Clothing,Baby,Baby Equipment,117.99,3,20.0,94.392,True,318
41,42,Clothing,Kids,Kids Doodad,130.99,1,40.0,78.594,True,65
42,43,Activity,Outdoors,Outdoors Component,37.99,1,50.0,18.995,False,19
43,44,Activity,Fitness,Fitness Equipment,176.0,5,40.0,105.6,True,792
44,45,Activity,Biking,Biking Component,128.95,4,40.0,77.37,True,451
45,46,Automotive,Engine,Engine Component,150.95,3,40.0,90.57,True,377
46,47,Beauty,Skin Care,Skin Care Equipment,122.95,3,20.0,98.36,True,332
47,48,Automotive,Tire,Tire Gizmo,182.0,5,25.0,182.0,False,865
48,49,Entertainment,Book,Book Mechanism,132.0,3,10.0,118.8,False,383
49,50,Beauty,Bath,Bath Item,102.99,4,5.0,97.8405,False,406
50,51,Home,Furniture,Furniture Whatchamacallit,87.0,5,10.0,78.3,False,427
51,52,Health,Medicine,Medicine Gear,116.99,2,30.0,81.893,False,198
52,53,Activity,Camping,Camping Doodad,109.95,2,5.0,104.4525,False,214
53,54,Home,Dining,Dining Gizmo,123.99,4,25.0,123.99,True,452
54,55,Activity,Beach,Beach Kit,76.95,5,40.0,46.17,False,354
55,56,Pets,Aquarium,Aquarium Widget,57.99,4,30.0,40.593,False,214
56,57,Home,Home Improvement,Home Improvement Item,92.0,4,30.0,64.4,False,341
57,58,Beauty,Hair Care,Hair Care Contraption,190.99,5,5.0,181.4405,True,926
59,60,Health,Medicine,Medicine Whatchamacallit,159.0,5,30.0,111.3,False,748
60,61,Clothing,Womens,Womens Equipment,66.0,3,5.0,62.7,True,189
61,62,Activity,Outdoors,Outdoors Apparatus,188.95,5,20.0,151.16,False,907
62,63,Home,Bedding,Bedding Whatchamacallit,88.99,5,25.0,88.99,True,413
63,64,Home,Furniture,Furniture Gear,164.0,2,20.0,131.2,True,279
64,65,Home,Storage,Storage Kit,32.99,2,5.0,31.3405,False,64
65,66,Clothing,Kids,Kids Gizmo,76.0,4,30.0,53.2,True,274
66,67,Automotive,Car,Car Gadget,55.99,2,20.0,44.792,False,100
67,68,Activity,Fitness,Fitness Rig,48.0,3,20.0,38.4,False,135
68,69,Clothing,Kids,Kids Gear,193.0,1,40.0,115.8,True,97
69,70,Electronics,Camera,Camera Whatchamacallit,134.95,5,25.0,134.95,False,641
70,71,Health,Medicine,Medicine Doodad,27.0,3,5.0,25.65,True,77
71,72,Entertainment,Book,Book Contraption,41.0,1,10.0,36.9,False,37
72,73,Activity,Fitness,Fitness Component,80.95,3,5.0,76.9025,True,230
73,74,Home,Dining,Dining Device,149.0,5,5.0,141.55,True,723
74,75,Pets,Aquarium,Aquarium Item,131.99,1,40.0,79.194,False,79
75,76,Home,Dining,Dining Gadget,129.0,3,30.0,90.3,False,349
76,77,Entertainment,Toy,Toy Gadget,45.99,1,50.0,22.995,False,23
77,78,Home,Gardening,Gardening Component,101.95,5,20.0,81.56,False,489
78,79,Entertainment,Book,Book Attachment,89.95,4,30.0,62.965,True,324
79,80,Activity,Biking,Biking Component,40.99,2,50.0,20.495,True,57
80,81,Pets,Cat,Cat Attachment,195.0,2,30.0,136.5,True,312
81,82,Health,Vitamin,Vitamin Gear,28.0,3,10.0,25.2,True,79
82,83,Home,Home Improvement,Home Improvement Gear,85.95,5,40.0,51.57,True,387
83,84,Clothing,Womens,Womens Accessory,154.99,2,5.0,147.2405,False,302
84,85,Beauty,Makeup,Makeup Doodad,78.0,3,30.0,54.6,False,211
85,86,Activity,Swimming,Swimming Paraphernalia,91.99,5,30.0,64.393,False,432
86,87,Health,Nutrition,Nutrition Mechanism,114.99,1,40.0,68.994,True,57
87,88,Home,Cooking,Cooking Rig,107.0,2,10.0,96.3,False,204
88,89,Entertainment,Game,Game Machine,76.99,2,40.0,46.194,True,115
89,90,Automotive,Tire,Tire Rig,35.95,3,25.0,35.95,False,99
90,91,Pets,Dog,Dog Gear,133.95,3,5.0,127.2525,False,395
91,92,Home,Furniture,Furniture Mechanism,41.95,3,20.0,33.56,False,117
92,93,Activity,Biking,Biking Accessory,35.99,1,30.0,25.193,True,21
93,94,Home,Kitchen,Kitchen Supplies,194.99,2,50.0,97.495,False,292
94,95,Home,Furniture,Furniture Contraption,196.99,2,10.0,177.291,True,354
95,96,Entertainment,Toy,Toy Contraption,101.95,2,25.0,101.95,False,178
96,97,Pets,Aquarium,Aquarium Mechanism,54.99,5,30.0,38.493,False,258
97,98,Home,Cleaning,Cleaning Whatchamacallit,177.95,4,30.0,124.565,False,658
98,99,Health,Vitamin,Vitamin Implement,158.95,3,20.0,127.16,False,445
99,100,Home,Home Improvement,Home Improvement Apparatus,130.0,3,40.0,78.0,False,338
100,101,Clothing,Baby,Baby Accessory,68.0,3,50.0,34.0,False,170
101,102,Health,Vitamin,Vitamin Gear,39.99,2,30.0,27.993,True,64
102,103,Entertainment,Party,Party Gear,89.99,3,40.0,53.994,False,234
103,104,Electronics,Technology,Technology Paraphernalia,108.0,2,10.0,97.2,True,195
104,105,Health,Medicine,Medicine Widget,121.0,2,25.0,121.0,False,212
105,106,Activity,Sports,Sports Widget,53.99,1,30.0,37.793,True,32
106,107,Home,Bedding,Bedding Paraphernalia,136.0,1,5.0,129.2,False,130
107,108,Home,Cleaning,Cleaning Thingamajig,158.95,2,10.0,143.055,False,302
108,109,Entertainment,Party,Party Paraphernalia,83.95,4,50.0,41.975,True,285
109,110,Health,Medicine,Medicine Supplies,146.0,3,25.0,146.0,True,387
111,112,Home,Cleaning,Cleaning Widget,81.99,3,50.0,40.995,True,196
112,113,Activity,Camping,Camping Tool,119.95,5,50.0,59.975,False,540
113,114,Beauty,Hair Care,Hair Care Mechanism,45.95,4,50.0,22.975,False,161
114,115,Electronics,Camera,Camera Supplies,81.0,4,5.0,76.95,True,312
115,116,Activity,Outdoors,Outdoors Tool,148.0,1,30.0,103.6,False,104
116,117,Electronics,Computer,Computer Kit,84.0,5,10.0,75.6,False,412
117,118,Home,Cooking,Cooking Accessory,118.0,4,10.0,106.2,False,461
118,119,Entertainment,Party,Party Thingamajig,175.99,1,50.0,87.995,False,88
119,120,Entertainment,Music,Music Equipment,16.0,4,30.0,11.2,True,58
120,121,Health,Vitamin,Vitamin Mechanism,180.99,3,10.0,162.891,False,524
121,122,Home,Dining,Dining Gizmo,162.99,5,40.0,97.794,True,733
122,123,Entertainment,Movie,Movie Instrument,80.99,3,20.0,64.792,True,218
123,124,Activity,Outdoors,Outdoors Paraphernalia,145.99,4,5.0,138.6905,False,576
124,125,Entertainment,Music,Music Gizmo,123.95,1,5.0,117.7525,True,105
125,126,Activity,Fitness,Fitness Gizmo,71.99,4,25.0,71.99,True,262
126,127,Entertainment,Movie,Movie Equipment,95.99,2,10.0,86.391,True,172
127,128,Activity,Camping,Camping Component,181.0,2,40.0,108.6,False,290
128,129,Entertainment,Game,Game Rig,102.0,4,5.0,96.9,False,403
129,130,Clothing,Baby,Baby Gizmo,110.0,3,50.0,55.0,True,264
130,131,Entertainment,Toy,Toy Implement,142.95,1,10.0,128.655,False,128
131,132,Electronics,Computer,Computer Mechanism,11.0,3,30.0,7.7,False,30
132,133,Home,Bedding,Bedding Gizmo,144.99,5,50.0,72.495,False,652
133,134,Beauty,Hair Care,Hair Care Contraption,103.95,2,10.0,93.555,True,187
134,135,Home,Dining,Dining Contraption,49.99,3,30.0,34.993,True,130
135,136,Entertainment,Movie,Movie Machine,167.95,4,30.0,117.565,False,621
136,137,Pets,Dog,Dog Doodad,106.99,4,10.0,96.291,False,417
137,138,Automotive,Truck,Truck Gear,81.0,3,30.0,56.7,False,219
138,139,Home,Dining,Dining Accessory,140.0,3,25.0,140.0,True,371
139,140,Entertainment,Party,Party Equipment,31.95,3,10.0,28.755,False,92
140,141,Health,Vitamin,Vitamin Accessory,68.95,1,25.0,68.95,True,44
141,142,Entertainment,Party,Party Contraption,138.95,3,10.0,125.055,False,403
142,143,Automotive,Engine,Engine Doodad,149.0,4,10.0,134.1,True,567
143,144,Beauty,Skin Care,Skin Care Kit,121.0,5,5.0,114.95,True,587
144,145,Pets,Aquarium,Aquarium Supplies,190.95,3,30.0,133.665,False,515
145,146,Electronics,Camera,Camera Paraphernalia,193.99,4,10.0,174.591,False,756
146,147,Automotive,Car,Car Component,171.99,5,50.0,85.995,False,774
147,148,Automotive,Tire,Tire Tool,120.95,5,50.0,60.475,True,532
148,149,Home,Dining,Dining Supplies,12.99,5,30.0,9.093,False,61
149,150,Activity,Beach,Beach Whatchamacallit,192.0,2,40.0,115.2,False,308
150,151,Home,Gardening,Gardening Attachment,111.99,1,5.0,106.3905,False,106
151,152,Beauty,Skin Care,Skin Care Accessory,72.99,5,5.0,69.3405,True,354
152,153,Activity,Swimming,Swimming Implement,187.99,1,10.0,169.191,False,169
153,154,Home,Bedding,Bedding Whatchamacallit,127.95,4,5.0,121.5525,False,505
154,155,Health,Nutrition,Nutrition Gear,37.0,4,50.0,18.5,False,130
155,156,Electronics,Phone,Phone Component,53.0,5,25.0,53.0,False,252
156,157,Beauty,Hair Care,Hair Care Component,164.0,2,20.0,131.2,True,279
157,158,Automotive,Car,Car Supplies,173.99,3,50.0,86.995,False,435
158,159,Health,Nutrition,Nutrition Implement,168.95,3,30.0,118.265,True,439
159,160,Entertainment,Book,Book Item,66.99,2,50.0,33.495,False,100
160,161,Pets,Cat,Cat Kit,35.0,3,5.0,33.25,False,104
161,162,Entertainment,Music,Music Supplies,192.99,4,5.0,183.3405,True,743
162,163,Home,Cooking,Cooking Gizmo,86.95,3,10.0,78.255,False,252
163,164,Activity,Sports,Sports Supplies,135.0,3,25.0,135.0,False,372
164,165,Clothing,Baby,Baby Attachment,19.0,5,30.0,13.3,False,90
165,166,Entertainment,Game,Game Doodad,22.0,2,50.0,11.0,True,31
166,167,Beauty,Hair Care,Hair Care Instrument,44.95,2,25.0,44.95,True,74
167,168,Entertainment,Toy,Toy Doodad,56.95,4,25.0,56.95,False,213
168,169,Pets,Cat,Cat Gadget,87.95,4,40.0,52.77,False,316
169,170,Activity,Sports,Sports Rig,96.0,3,10.0,86.4,False,279
170,171,Entertainment,Party,Party Gadget,111.95,3,5.0,106.3525,True,319
171,172,Activity,Fitness,Fitness Mechanism,131.0,4,5.0,124.45,True,505
172,173,Home,Cooking,Cooking Paraphernalia,21.95,2,5.0,20.8525,False,42
173,174,Clothing,Womens,Womens Widget,170.95,5,20.0,136.76,False,820
174,175,Home,Bedding,Bedding Instrument,31.0,2,40.0,18.6,False,50
175,176,Automotive,Car,Car Apparatus,167.95,2,5.0,159.5525,True,310
176,177,Pets,Dog,Dog Device,102.99,4,50.0,51.495,False,360
177,178,Electronics,Technology,Technology Instrument,41.95,3,40.0,25.17,False,109
178,179,Clothing,Mens,Mens Accessory,143.0,5,30.0,100.1,False,673
179,180,Electronics,Phone,Phone Thingamajig,64.95,3,40.0,38.97,True,162
180,181,Home,Home Improvement,Home Improvement Instrument,197.95,5,5.0,188.0525,True,960
181,182,Automotive,Engine,Engine Device,23.99,1,10.0,21.591,True,19
182,183,Health,Medicine,Medicine Gear,86.0,2,5.0,81.7,True,160
183,184,Pets,Dog,Dog Whatchamacallit,179.0,1,20.0,143.2,False,144
184,185,Home,Gardening,Gardening Item,182.99,2,5.0,173.8405,False,356
185,186,Activity,Sports,Sports Kit,199.0,3,25.0,199.0,False,548
186,187,Home,Kitchen,Kitchen Widget,184.95,3,5.0,175.7025,False,545
187,188,Activity,Beach,Beach Apparatus,190.95,2,50.0,95.475,True,267
188,189,Home,Furniture,Furniture Instrument,37.99,5,30.0,26.593,True,174
189,190,Beauty,Bath,Bath Item,28.0,5,5.0,26.6,True,136
190,191,Clothing,Mens,Mens Instrument,158.99,2,5.0,151.0405,False,310
191,192,Home,Storage,Storage Item,157.0,3,40.0,94.2,True,393
192,193,Activity,Beach,Beach Supplies,140.0,3,25.0,140.0,False,385
193,194,Home,Storage,Storage Machine,98.99,4,5.0,94.0405,False,391
194,195,Activity,Swimming,Swimming Gear,174.95,2,40.0,104.97,False,280
195,196,Entertainment,Movie,Movie Attachment,86.0,3,10.0,77.4,True,241
196,197,Activity,Fitness,Fitness Instrument,14.95,2,50.0,7.475,True,21
197,198,Entertainment,Music,Music Gear,148.99,1,20.0,119.192,True,104
198,199,Automotive,Car,Car Kit,199.0,5,40.0,119.4,True,896
199,200,Health,Nutrition,Nutrition Paraphernalia,99.0,5,20.0,79.2,False,476
200,201,Activity,Fitness,Fitness Rig,60.95,2,25.0,60.95,True,100
202,203,Home,Cleaning,Cleaning Apparatus,140.99,3,10.0,126.891,False,408
203,204,Automotive,Tire,Tire Gear,53.99,5,30.0,37.793,True,248
204,205,Clothing,Kids,Kids Widget,127.95,1,25.0,127.95,True,83
205,206,Entertainment,Game,Game Attachment,154.95,1,50.0,77.475,True,62
206,207,Entertainment,Movie,Movie Supplies,183.0,3,5.0,173.85,True,522
207,208,Beauty,Hair Care,Hair Care Gadget,45.95,1,5.0,43.6525,True,39
208,209,Automotive,Car,Car Equipment,61.95,5,30.0,43.365,True,285
209,210,Automotive,Engine,Engine Component,135.99,2,20.0,108.792,False,244
210,211,Home,Storage,Storage Component,199.99,5,50.0,99.995,False,900
211,212,Entertainment,Toy,Toy Component,54.99,3,40.0,32.994,True,137
212,213,Health,First Aid,First Aid Instrument,35.0,4,20.0,28.0,True,130
213,214,Activity,Camping,Camping Kit,38.99,1,50.0,19.495,False,19
214,215,Clothing,Mens,Mens Item,160.0,3,50.0,80.0,False,400
215,216,Entertainment,Movie,Movie Supplies,158.99,5,5.0,151.0405,True,771
216,217,Entertainment,Game,Game Mechanism,122.99,2,50.0,61.495,True,172
217,218,Activity,Camping,Camping Component,44.95,5,5.0,42.7025,False,222
218,219,Home,Cleaning,Cleaning Implement,190.95,5,10.0,171.855,True,916
219,220,Home,Storage,Storage Rig,157.0,2,30.0,109.9,False,267
220,221,Activity,Beach,Beach Attachment,184.0,1,30.0,128.8,True,111
221,222,Clothing,Jewelry,Jewelry Paraphernalia,166.0,5,10.0,149.4,False,814
222,223,Electronics,Camera,Camera Component,85.99,5,30.0,60.193,False,404
223,224,Clothing,Jewelry,Jewelry Mechanism,71.95,2,10.0,64.755,False,136
224,225,Home,Dining,Dining Widget,54.95,1,50.0,27.475,True,22
225,226,Entertainment,Music,Music Kit,138.95,5,10.0,125.055,False,681
226,227,Electronics,Phone,Phone Item,150.0,3,20.0,120.0,False,420
227,228,Beauty,Makeup,Makeup Equipment,109.99,3,30.0,76.993,True,286
228,229,Activity,Outdoors,Outdoors Paraphernalia,60.95,4,5.0,57.9025,True,234
229,230,Home,Home Improvement,Home Improvement Rig,22.0,4,5.0,20.9,False,87
230,231,Entertainment,Toy,Toy Paraphernalia,26.99,3,50.0,13.495,False,67
231,232,Clothing,Kids,Kids Gizmo,12.0,1,5.0,11.4,False,12
232,233,Home,Kitchen,Kitchen Equipment,111.95,1,40.0,67.17,True,56
233,234,Beauty,Bath,Bath Thingamajig,31.99,2,40.0,19.194,True,48
234,235,Clothing,Baby,Baby Item,83.0,3,20.0,66.4,False,233
235,236,Health,Medicine,Medicine Tool,147.95,4,40.0,88.77,True,518
236,237,Activity,Fitness,Fitness Doodad,50.0,2,20.0,40.0,False,90
237,238,Activity,Camping,Camping Thingamajig,27.0,4,10.0,24.3,True,103
238,239,Activity,Fitness,Fitness Gadget,102.95,2,25.0,102.95,True,169
239,240,Beauty,Skin Care,Skin Care Rig,31.99,2,10.0,28.791,True,57
240,241,Activity,Camping,Camping Tool,23.95,3,5.0,22.7525,True,68
241,242,Automotive,Engine,Engine Supplies,87.99,4,30.0,61.593,True,316
242,243,Entertainment,Book,Book Thingamajig,133.95,5,5.0,127.2525,True,649
243,244,Beauty,Personal,Personal Kit,28.99,5,20.0,23.192,True,136
244,245,Electronics,Technology,Technology Gear,37.95,4,40.0,22.77,False,136
245,246,Pets,Cat,Cat Widget,173.99,5,25.0,173.99,False,826
246,247,Automotive,Engine,Engine Gadget,156.95,1,5.0,149.1025,False,149
247,248,Health,First Aid,First Aid Component,85.99,3,50.0,42.995,False,215
248,249,Beauty,Bath,Bath Whatchamacallit,139.0,5,10.0,125.1,False,682
249,250,Automotive,Tire,Tire Device,36.99,4,30.0,25.893,False,136
250,251,Health,Nutrition,Nutrition Whatchamacallit,43.99,5,50.0,21.995,False,198
251,252,Clothing,Baby,Baby Component,156.95,1,20.0,125.56,False,125
252,253,Home,Cleaning,Cleaning Mechanism,168.99,2,25.0,168.99,True,278
253,254,Beauty,Makeup,Makeup Whatchamacallit,38.99,3,20.0,31.192,True,105
254,255,Activity,Swimming,Swimming Whatchamacallit,98.0,2,10.0,88.2,True,177
255,256,Activity,Fitness,Fitness Component,198.0,1,10.0,178.2,True,159
256,257,Automotive,Truck,Truck Contraption,23.99,4,30.0,16.793,False,88
257,258,Home,Cooking,Cooking Paraphernalia,124.0,2,30.0,86.8,True,199
258,259,Activity,Swimming,Swimming Doodad,152.95,4,30.0,107.065,True,550
259,260,Clothing,Baby,Baby Paraphernalia,162.99,5,20.0,130.392,False,782
260,261,Health,Medicine,Medicine Implement,54.0,4,5.0,51.3,False,214
261,262,Activity,Camping,Camping Gizmo,15.99,2,50.0,7.995,False,24
262,263,Automotive,Truck,Truck Tool,18.99,4,30.0,13.293,False,70
263,264,Health,Vitamin,Vitamin Mechanism,11.95,1,40.0,7.17,True,6
264,265,Home,Cleaning,Cleaning Device,177.0,3,20.0,141.6,False,496
265,266,Entertainment,Toy,Toy Rig,146.95,1,30.0,102.865,False,102
266,267,Entertainment,Music,Music Gizmo,149.95,3,5.0,142.4525,True,427
267,268,Electronics,Camera,Camera Accessory,49.95,2,40.0,29.97,False,80
268,269,Electronics,Camera,Camera Widget,150.0,4,50.0,75.0,True,510
269,270,Home,Dining,Dining Widget,10.0,3,25.0,10.0,False,28
270,271,Beauty,Bath,Bath Kit,49.95,3,25.0,49.95,True,132
271,272,Activity,Swimming,Swimming Paraphernalia,168.99,5,30.0,118.293,True,777
272,273,Activity,Outdoors,Outdoors Tool,193.95,3,30.0,135.765,True,504
273,274,Automotive,Engine,Engine Tool,196.99,3,25.0,196.99,False,541
274,275,Health,Medicine,Medicine Contraption,138.95,5,10.0,125.055,False,681
275,276,Activity,Outdoors,Outdoors Mechanism,109.0,4,30.0,76.3,False,404
276,277,Pets,Cat,Cat Paraphernalia,158.99,4,5.0,151.0405,False,628
277,278,Electronics,Computer,Computer Device,131.95,2,40.0,79.17,False,211
278,279,Automotive,Engine,Engine Attachment,162.95,1,25.0,162.95,True,105
279,280,Home,Home Improvement,Home Improvement Attachment,117.95,5,10.0,106.155,False,578
280,281,Entertainment,Party,Party Contraption,109.0,3,5.0,103.55,False,322
281,282,Electronics,Phone,Phone Accessory,109.0,4,40.0,65.4,False,393
282,283,Activity,Camping,Camping Device,193.95,3,30.0,135.765,False,523
283,284,Health,Medicine,Medicine Mechanism,173.99,5,50.0,86.995,False,783
284,285,Clothing,Mens,Mens Device,169.95,4,40.0,101.97,True,595
285,286,Electronics,Computer,Computer Contraption,86.95,3,20.0,69.56,True,234
286,287,Health,Nutrition,Nutrition Supplies,92.99,4,50.0,46.495,False,325
287,288,Activity,Swimming,Swimming Supplies,65.0,3,20.0,52.0,True,176
288,289,Clothing,Womens,Womens Accessory,77.95,2,30.0,54.565,False,132
289,290,Entertainment,Music,Music Apparatus,98.99,5,20.0,79.192,False,475
290,291,Home,Gardening,Gardening Implement,38.0,4,40.0,22.8,True,133
291,292,Entertainment,Movie,Movie Machine,70.99,5,40.0,42.594,False,326
292,293,Beauty,Makeup,Makeup Instrument,135.99,4,50.0,67.995,False,476
293,294,Beauty,Makeup,Makeup Contraption,10.0,1,10.0,9.0,False,9
294,295,Home,Bedding,Bedding Machine,53.95,5,10.0,48.555,False,264
295,296,Beauty,Skin Care,Skin Care Thingamajig,37.99,4,25.0,37.99,True,138
296,297,Activity,Fitness,Fitness Machine,197.99,3,30.0,138.593,False,534
297,298,Home,Furniture,Furniture Doodad,138.99,3,20.0,111.192,False,389
298,299,Entertainment,Party,Party Contraption,32.0,1,10.0,28.8,False,29
299,300,Automotive,Truck,Truck Apparatus,114.95,4,20.0,91.96,True,425
300,301,Beauty,Makeup,Makeup Kit,42.99,5,30.0,30.093,True,197
301,302,Automotive,Car,Car Implement,129.99,3,40.0,77.994,True,325
302,303,Entertainment,Toy,Toy Paraphernalia,100.99,1,10.0,90.891,True,80
303,304,Clothing,Womens,Womens Device,137.99,5,40.0,82.794,True,621
304,305,Clothing,Jewelry,Jewelry Mechanism,165.95,5,30.0,116.165,False,780
305,306,Automotive,Engine,Engine Mechanism,28.0,1,40.0,16.8,True,14
306,307,Beauty,Hair Care,Hair Care Rig,41.99,5,10.0,37.791,True,201
307,308,Electronics,Phone,Phone Doodad,133.99,2,25.0,133.99,True,221
308,309,Entertainment,Movie,Movie Gadget,123.0,4,5.0,116.85,True,474
309,310,Entertainment,Toy,Toy Machine,108.95,1,5.0,103.5025,True,92
310,311,Clothing,Baby,Baby Accessory,102.99,2,40.0,61.794,False,164
311,312,Clothing,Jewelry,Jewelry Component,57.95,2,30.0,40.565,False,98
312,313,Activity,Swimming,Swimming Apparatus,94.95,4,10.0,85.455,True,361
313,314,Beauty,Bath,Bath Paraphernalia,196.99,2,30.0,137.893,True,315
314,315,Electronics,Computer,Computer Accessory,81.95,5,40.0,49.17,True,369
315,316,Automotive,Engine,Engine Attachment,132.0,3,50.0,66.0,True,317
316,317,Beauty,Skin Care,Skin Care Paraphernalia,62.99,3,20.0,50.392,True,170
317,318,Health,Vitamin,Vitamin Accessory,43.99,3,40.0,26.394,False,114
318,319,Activity,Swimming,Swimming Gadget,81.99,5,20.0,65.592,False,393
319,320,Beauty,Skin Care,Skin Care Gizmo,64.99,5,50.0,32.495,False,292
320,321,Activity,Fitness,Fitness Instrument,166.0,2,10.0,149.4,True,299
321,322,Electronics,Camera,Camera Implement,197.99,1,40.0,118.794,False,118
322,323,Health,Medicine,Medicine Component,40.99,5,30.0,28.693,False,192
323,324,Pets,Cat,Cat Thingamajig,171.99,2,40.0,103.194,False,275
324,325,Entertainment,Movie,Movie Gear,155.95,5,5.0,148.1525,True,756
325,326,Clothing,Jewelry,Jewelry Doodad,179.95,2,10.0,161.955,True,324
326,327,Activity,Outdoors,Outdoors Machine,127.0,3,40.0,76.2,False,331
327,328,Health,Vitamin,Vitamin Supplies,131.0,2,40.0,78.6,True,197
328,329,Home,Bedding,Bedding Machine,22.0,5,25.0,22.0,False,105
329,330,Activity,Camping,Camping Widget,121.0,5,40.0,72.6,True,545
330,331,Clothing,Baby,Baby Gear,102.0,3,20.0,81.6,True,276
331,332,Automotive,Engine,Engine Item,11.99,1,25.0,11.99,False,9
332,333,Entertainment,Toy,Toy Gear,152.99,3,40.0,91.794,False,397
333,334,Home,Storage,Storage Item,162.99,4,25.0,162.99,False,611
334,335,Pets,Dog,Dog Mechanism,47.0,1,25.0,47.0,False,36
335,336,Activity,Fitness,Fitness Device,199.0,1,30.0,139.3,False,140
336,337,Home,Storage,Storage Instrument,129.0,2,25.0,129.0,True,213
337,338,Health,First Aid,First Aid Equipment,188.95,4,10.0,170.055,True,718
338,339,Entertainment,Music,Music Accessory,179.95,4,5.0,170.9525,True,693
340,341,Home,Kitchen,Kitchen Supplies,87.99,5,10.0,79.191,False,431
341,342,Clothing,Baby,Baby Machine,119.0,2,20.0,95.2,True,203
342,343,Health,First Aid,First Aid Gear,189.99,1,30.0,132.993,False,133
343,344,Electronics,Technology,Technology Gear,73.0,5,10.0,65.7,True,351
344,345,Beauty,Personal,Personal Accessory,106.99,3,20.0,85.592,False,299
346,347,Beauty,Skin Care,Skin Care Widget,123.99,3,30.0,86.793,True,322
347,348,Home,Storage,Storage Item,57.99,2,30.0,40.593,True,92
348,349,Entertainment,Game,Game Whatchamacallit,156.0,3,20.0,124.8,False,437
349,350,Electronics,Camera,Camera Rig,164.95,5,10.0,148.455,False,808
350,351,Health,Vitamin,Vitamin Kit,52.99,3,30.0,37.093,True,137
351,352,Automotive,Car,Car Thingamajig,53.95,1,10.0,48.555,False,48
352,353,Entertainment,Movie,Movie Doodad,187.99,5,25.0,187.99,False,893
353,354,Electronics,Technology,Technology Component,82.99,4,40.0,49.794,True,290
354,355,Home,Cooking,Cooking Apparatus,156.99,5,30.0,109.893,False,737
355,356,Clothing,Womens,Womens Apparatus,78.99,2,10.0,71.091,True,142
356,357,Entertainment,Party,Party Gizmo,79.95,1,40.0,47.97,False,48
357,358,Entertainment,Book,Book Equipment,23.95,5,20.0,19.16,False,115
358,359,Entertainment,Party,Party Accessory,195.99,2,10.0,176.391,False,372
359,360,Health,Vitamin,Vitamin Kit,142.0,3,40.0,85.2,True,355
360,361,Electronics,Computer,Computer Component,143.95,1,40.0,86.37,True,72
361,362,Electronics,Phone,Phone Attachment,13.95,2,25.0,13.95,True,23
362,363,Clothing,Kids,Kids Tool,187.95,5,5.0,178.5525,False,930
363,364,Clothing,Jewelry,Jewelry Apparatus,61.99,5,10.0,55.791,True,297
364,365,Clothing,Kids,Kids Paraphernalia,131.99,3,10.0,118.791,False,382
365,366,Health,First Aid,First Aid Equipment,187.99,5,30.0,131.593,False,883
366,367,Activity,Fitness,Fitness Thingamajig,17.95,3,5.0,17.0525,False,53
367,368,Activity,Biking,Biking Machine,104.0,3,10.0,93.6,True,292
368,369,Activity,Sports,Sports Gadget,42.95,4,5.0,40.8025,False,169
369,370,Entertainment,Book,Book Whatchamacallit,150.99,5,40.0,90.594,False,694
370,371,Automotive,Car,Car Whatchamacallit,127.99,5,25.0,127.99,True,595
371,372,Beauty,Makeup,Makeup Equipment,152.0,2,25.0,152.0,False,266
372,373,Clothing,Jewelry,Jewelry Supplies,126.95,5,10.0,114.255,False,622
373,374,Automotive,Engine,Engine Rig,97.0,2,25.0,97.0,False,170
374,375,Health,Nutrition,Nutrition Thingamajig,27.0,4,5.0,25.65,False,107
375,376,Electronics,Phone,Phone Doodad,181.99,2,10.0,163.791,False,345
376,377,Clothing,Jewelry,Jewelry Equipment,118.99,4,5.0,113.0405,True,458
377,378,Entertainment,Party,Party Paraphernalia,105.0,5,10.0,94.5,False,515
378,379,Home,Storage,Storage Apparatus,120.99,3,10.0,108.891,False,350
380,381,Home,Storage,Storage Supplies,137.99,2,5.0,131.0905,False,269
381,382,Activity,Fitness,Fitness Gizmo,64.0,2,40.0,38.4,True,96
382,383,Home,Storage,Storage Item,181.99,4,50.0,90.995,True,618
383,384,Home,Cleaning,Cleaning Apparatus,21.0,1,25.0,21.0,False,16
384,385,Home,Furniture,Furniture Supplies,12.95,4,40.0,7.77,False,46
385,386,Activity,Biking,Biking Implement,173.99,1,5.0,165.2905,False,165
386,387,Entertainment,Game,Game Item,112.95,4,30.0,79.065,False,418
387,388,Health,Nutrition,Nutrition Device,118.99,2,20.0,95.192,False,214
388,389,Clothing,Jewelry,Jewelry Mechanism,66.95,5,10.0,60.255,True,321
389,390,Health,Medicine,Medicine Component,79.99,5,40.0,47.994,False,368
390,391,Activity,Fitness,Fitness Component,90.99,1,20.0,72.792,False,72
391,392,Pets,Dog,Dog Contraption,174.95,4,25.0,174.95,False,656
392,393,Activity,Camping,Camping Component,69.95,2,10.0,62.955,False,133
393,394,Activity,Fitness,Fitness Supplies,139.95,3,10.0,125.955,True,392
394,395,Beauty,Makeup,Makeup Machine,164.0,3,50.0,82.0,True,394
395,396,Activity,Fitness,Fitness Tool,14.0,4,10.0,12.6,True,54
396,397,Beauty,Skin Care,Skin Care Implement,13.95,4,25.0,13.95,False,52
397,398,Health,Medicine,Medicine Component,38.99,3,25.0,38.99,True,103
398,399,Home,Storage,Storage Component,28.95,1,40.0,17.37,False,17
399,400,Home,Gardening,Gardening Gadget,199.0,1,50.0,99.5,True,80
400,401,Health,Nutrition,Nutrition Supplies,52.95,4,30.0,37.065,True,190
401,402,Entertainment,Party,Party Implement,46.0,1,20.0,36.8,False,37
402,403,Beauty,Bath,Bath Rig,13.95,3,20.0,11.16,False,39
403,404,Beauty,Personal,Personal Device,63.95,5,50.0,31.975,True,281
404,405,Beauty,Hair Care,Hair Care Accessory,119.0,2,25.0,119.0,True,197
405,406,Clothing,Kids,Kids Accessory,58.0,5,20.0,46.4,True,273
406,407,Home,Storage,Storage Device,191.0,5,25.0,191.0,False,908
407,408,Automotive,Car,Car Rig,26.0,5,50.0,13.0,True,115
408,409,Activity,Camping,Camping Implement,171.99,2,10.0,154.791,True,309
409,410,Beauty,Skin Care,Skin Care Gear,157.95,3,5.0,150.0525,False,466
410,411,Activity,Outdoors,Outdoors Apparatus,197.95,4,50.0,98.975,False,693
411,412,Entertainment,Toy,Toy Supplies,129.99,2,10.0,116.991,True,234
412,413,Beauty,Makeup,Makeup Accessory,47.95,1,20.0,38.36,True,33
413,414,Beauty,Skin Care,Skin Care Implement,70.99,3,20.0,56.792,False,198
414,415,Entertainment,Movie,Movie Gadget,88.99,2,30.0,62.293,True,142
415,416,Beauty,Skin Care,Skin Care Instrument,88.99,5,50.0,44.495,True,391
416,417,Home,Dining,Dining Contraption,112.0,3,30.0,78.4,False,303
417,418,Entertainment,Game,Game Whatchamacallit,153.95,4,20.0,123.16,True,569
418,419,Home,Gardening,Gardening Doodad,106.95,3,10.0,96.255,True,299
419,420,Home,Gardening,Gardening Instrument,170.99,4,5.0,162.4405,True,658
420,421,Electronics,Computer,Computer Component,173.95,3,30.0,121.765,False,469
421,422,Clothing,Kids,Kids Kit,160.0,4,25.0,160.0,True,584
422,423,Clothing,Womens,Womens Paraphernalia,81.0,3,5.0,76.95,True,231
423,424,Activity,Sports,Sports Gadget,195.0,4,20.0,156.0,False,741
424,425,Beauty,Hair Care,Hair Care Thingamajig,14.95,5,20.0,11.96,False,72
425,426,Entertainment,Party,Party Contraption,46.95,3,10.0,42.255,True,131
426,427,Electronics,Computer,Computer Tool,100.0,1,40.0,60.0,True,50
427,428,Activity,Beach,Beach Rig,62.95,4,50.0,31.475,False,220
428,429,Clothing,Mens,Mens Paraphernalia,135.99,1,50.0,67.995,False,68
429,430,Automotive,Truck,Truck Thingamajig,158.0,3,50.0,79.0,True,380
430,431,Entertainment,Toy,Toy Accessory,118.0,4,25.0,118.0,False,443
431,432,Beauty,Bath,Bath Machine,58.95,4,10.0,53.055,False,230
432,433,Beauty,Personal,Personal Gizmo,171.95,1,50.0,85.975,False,86
433,434,Electronics,Technology,Technology Gizmo,47.99,3,40.0,28.794,False,124
434,435,Clothing,Jewelry,Jewelry Doodad,185.0,4,20.0,148.0,False,703
435,436,Beauty,Skin Care,Skin Care Rig,20.99,4,20.0,16.792,True,77
436,437,Activity,Swimming,Swimming Apparatus,49.95,4,10.0,44.955,False,195
437,438,Clothing,Mens,Mens Implement,184.95,5,40.0,110.97,True,832
438,439,Home,Cooking,Cooking Mechanism,157.0,4,5.0,149.15,False,621
439,440,Health,Vitamin,Vitamin Contraption,50.95,4,25.0,50.95,False,191
440,441,Home,Furniture,Furniture Apparatus,161.99,5,20.0,129.592,False,777
441,442,Activity,Fitness,Fitness Machine,110.99,2,50.0,55.495,False,166
442,443,Pets,Cat,Cat Implement,68.99,4,40.0,41.394,False,248
443,444,Entertainment,Book,Book Device,111.0,3,50.0,55.5,True,267
444,445,Entertainment,Movie,Movie Contraption,135.0,4,40.0,81.0,False,486
445,446,Electronics,Technology,Technology Widget,41.99,1,25.0,41.99,True,27
446,447,Health,First Aid,First Aid Supplies,103.0,2,50.0,51.5,False,155
447,448,Pets,Cat,Cat Implement,15.0,1,10.0,13.5,True,12
448,449,Entertainment,Movie,Movie Gear,146.0,5,20.0,116.8,False,701
449,450,Home,Storage,Storage Equipment,93.99,5,20.0,75.192,False,451
450,451,Home,Cooking,Cooking Gear,166.95,5,10.0,150.255,False,818
451,452,Health,Nutrition,Nutrition Implement,193.99,4,25.0,193.99,False,727
452,453,Pets,Aquarium,Aquarium Attachment,84.95,1,25.0,84.95,True,55
453,454,Beauty,Personal,Personal Gadget,126.95,3,10.0,114.255,False,368
454,455,Electronics,Camera,Camera Item,39.95,4,30.0,27.965,False,148
455,456,Automotive,Car,Car Equipment,120.95,3,40.0,72.57,True,302
456,457,Activity,Sports,Sports Instrument,162.95,5,30.0,114.065,True,749
457,458,Automotive,Engine,Engine Mechanism,188.0,1,10.0,169.2,True,151
458,459,Entertainment,Book,Book Device,146.0,4,20.0,116.8,False,555
459,460,Activity,Beach,Beach Gear,35.99,3,50.0,17.995,True,86
460,461,Clothing,Jewelry,Jewelry Equipment,112.99,5,5.0,107.3405,True,548
461,462,Beauty,Hair Care,Hair Care Accessory,180.95,2,5.0,171.9025,False,352
462,463,Activity,Sports,Sports Paraphernalia,128.95,2,30.0,90.265,False,219
463,464,Home,Home Improvement,Home Improvement Mechanism,29.99,2,40.0,17.994,True,45
464,465,Clothing,Jewelry,Jewelry Supplies,49.95,4,10.0,44.955,True,190
465,466,Entertainment,Movie,Movie Equipment,87.0,3,20.0,69.6,False,244
466,467,Entertainment,Music,Music Widget,65.95,4,30.0,46.165,False,244
467,468,Clothing,Baby,Baby Doodad,167.95,1,30.0,117.565,True,100
468,469,Entertainment,Book,Book Component,119.95,2,20.0,95.96,False,216
469,470,Home,Kitchen,Kitchen Tool,27.99,5,30.0,19.593,False,131
470,471,Entertainment,Movie,Movie Gear,90.0,4,40.0,54.0,True,315
471,472,Home,Furniture,Furniture Whatchamacallit,193.0,1,5.0,183.35,True,165
472,473,Home,Storage,Storage Whatchamacallit,132.95,2,10.0,119.655,False,252
473,474,Beauty,Bath,Bath Implement,195.0,5,25.0,195.0,False,927
474,475,Entertainment,Party,Party Instrument,49.95,2,50.0,24.975,False,75
475,476,Entertainment,Book,Book Thingamajig,139.95,4,20.0,111.96,False,532
476,477,Electronics,Phone,Phone Attachment,70.0,5,25.0,70.0,True,326
477,478,Electronics,Camera,Camera Gizmo,56.99,1,10.0,51.291,False,51
478,479,Automotive,Car,Car Thingamajig,60.0,2,20.0,48.0,False,108
479,480,Home,Cooking,Cooking Thingamajig,82.99,5,40.0,49.794,True,373
480,481,Beauty,Makeup,Makeup Attachment,85.0,4,50.0,42.5,False,298
481,482,Entertainment,Toy,Toy Equipment,170.0,5,10.0,153.0,True,816
482,483,Entertainment,Book,Book Gear,160.99,5,20.0,128.792,False,772
483,484,Home,Cleaning,Cleaning Accessory,128.99,4,40.0,77.394,True,451
484,485,Health,Nutrition,Nutrition Doodad,11.99,4,30.0,8.393,False,44
485,486,Home,Kitchen,Kitchen Doodad,126.99,5,40.0,76.194,False,584
486,487,Home,Cleaning,Cleaning Device,103.99,5,50.0,51.995,False,468
487,488,Activity,Sports,Sports Paraphernalia,191.95,3,30.0,134.365,True,499
488,489,Electronics,Phone,Phone Contraption,171.95,4,25.0,171.95,True,627
489,490,Home,Cleaning,Cleaning Thingamajig,24.0,3,40.0,14.4,True,60
490,491,Beauty,Skin Care,Skin Care Thingamajig,173.95,1,50.0,86.975,True,69
491,492,Automotive,Engine,Engine Whatchamacallit,101.95,5,20.0,81.56,True,479
492,493,Beauty,Skin Care,Skin Care Supplies,118.99,5,50.0,59.495,True,523
493,494,Health,Nutrition,Nutrition Thingamajig,117.95,2,50.0,58.975,True,165
494,495,Home,Home Improvement,Home Improvement Thingamajig,165.0,1,5.0,156.75,True,141
495,496,Electronics,Camera,Camera Tool,24.95,2,5.0,23.7025,False,48
496,497,Activity,Beach,Beach Item,120.0,4,40.0,72.0,False,432
497,498,Clothing,Jewelry,Jewelry Rig,53.95,3,10.0,48.555,False,156
498,499,Activity,Biking,Biking Component,32.95,4,25.0,32.95,False,123
499,500,Health,Vitamin,Vitamin Tool,10.99,4,20.0,8.792,False,41
500,501,Home,Bedding,Bedding Apparatus,66.95,5,40.0,40.17,True,301
501,502,Home,Furniture,Furniture Implement,158.0,4,40.0,94.8,False,569
502,503,Activity,Camping,Camping Doodad,42.95,2,5.0,40.8025,True,79
503,504,Home,Gardening,Gardening Implement,176.0,4,5.0,167.2,False,696
504,505,Automotive,Truck,Truck Rig,44.0,5,5.0,41.8,False,218
505,506,Home,Furniture,Furniture Attachment,72.99,1,25.0,72.99,True,47
506,507,Home,Cooking,Cooking Apparatus,84.99,4,40.0,50.994,True,297
507,508,Clothing,Womens,Womens Component,132.0,4,50.0,66.0,False,462
508,509,Entertainment,Music,Music Equipment,147.99,1,50.0,73.995,False,74
509,510,Activity,Swimming,Swimming Instrument,143.99,1,20.0,115.192,True,100
510,511,Home,Gardening,Gardening Mechanism,46.0,4,5.0,43.7,False,182
511,512,Activity,Swimming,Swimming Kit,127.95,2,5.0,121.5525,False,249
512,513,Entertainment,Game,Game Device,22.99,5,20.0,18.392,False,110
513,514,Entertainment,Movie,Movie Item,37.95,3,40.0,22.77,False,98
514,515,Activity,Camping,Camping Gear,81.95,5,20.0,65.56,True,385
515,516,Automotive,Tire,Tire Thingamajig,74.95,2,30.0,52.465,True,120
516,517,Home,Gardening,Gardening Rig,144.99,1,30.0,101.493,False,101
517,518,Home,Cleaning,Cleaning Gear,122.0,1,10.0,109.8,False,110
518,519,Home,Home Improvement,Home Improvement Widget,56.0,2,30.0,39.2,False,96
520,521,Home,Kitchen,Kitchen Gizmo,61.99,2,5.0,58.8905,True,114
521,522,Activity,Outdoors,Outdoors Kit,30.99,5,5.0,29.4405,True,150
522,523,Beauty,Bath,Bath Kit,121.99,1,5.0,115.8905,False,115
523,524,Electronics,Camera,Camera Supplies,102.95,1,30.0,72.065,False,72
524,525,Clothing,Mens,Mens Instrument,199.99,5,50.0,99.995,False,900
525,526,Home,Dining,Dining Tool,110.95,5,10.0,99.855,True,532
526,527,Activity,Camping,Camping Gadget,52.99,3,30.0,37.093,True,137
527,528,Activity,Outdoors,Outdoors Gizmo,42.0,4,20.0,33.6,True,156
528,529,Automotive,Tire,Tire Accessory,192.99,4,10.0,173.691,True,733
529,530,Automotive,Truck,Truck Attachment,156.99,1,30.0,109.893,True,94
530,531,Entertainment,Movie,Movie Rig,159.99,1,40.0,95.994,True,80
531,532,Electronics,Phone,Phone Rig,177.0,1,40.0,106.2,True,89
532,533,Entertainment,Movie,Movie Rig,72.99,1,20.0,58.392,True,51
533,534,Home,Cooking,Cooking Mechanism,83.95,3,30.0,58.765,False,226
534,535,Home,Kitchen,Kitchen Supplies,45.99,1,25.0,45.99,False,34
535,536,Home,Cooking,Cooking Rig,168.95,3,20.0,135.16,True,456
536,537,Electronics,Phone,Phone Item,32.99,4,20.0,26.392,True,122
537,538,Home,Kitchen,Kitchen Item,13.0,1,25.0,13.0,False,10
538,539,Electronics,Computer,Computer Apparatus,24.99,4,20.0,19.992,False,95
539,540,Pets,Dog,Dog Equipment,43.99,4,5.0,41.7905,True,169
540,541,Activity,Fitness,Fitness Rig,171.0,1,10.0,153.9,False,154
541,542,Activity,Outdoors,Outdoors Contraption,193.0,3,25.0,193.0,True,512
542,543,Entertainment,Music,Music Rig,45.0,4,30.0,31.5,False,167
543,544,Electronics,Phone,Phone Gizmo,82.0,4,50.0,41.0,True,279
544,545,Home,Cleaning,Cleaning Whatchamacallit,98.95,2,40.0,59.37,True,148
545,546,Activity,Swimming,Swimming Contraption,188.0,1,25.0,188.0,False,141
546,547,Home,Storage,Storage Accessory,97.95,2,10.0,88.155,False,186
547,548,Beauty,Skin Care,Skin Care Widget,186.99,4,10.0,168.291,True,710
548,549,Home,Cooking,Cooking Component,127.99,5,5.0,121.5905,True,620
549,550,Automotive,Truck,Truck Equipment,18.95,2,20.0,15.16,False,34
550,551,Home,Storage,Storage Doodad,126.99,1,10.0,114.291,True,101
551,552,Electronics,Computer,Computer Item,43.95,3,25.0,43.95,False,121
552,553,Home,Gardening,Gardening Rig,90.99,2,10.0,81.891,False,172
553,554,Health,Nutrition,Nutrition Tool,120.99,5,50.0,60.495,True,532
554,555,Electronics,Technology,Technology Gadget,36.0,3,10.0,32.4,False,105
555,556,Home,Cleaning,Cleaning Tool,105.95,3,25.0,105.95,False,291
556,557,Clothing,Kids,Kids Gizmo,36.99,4,50.0,18.495,True,125
557,558,Beauty,Makeup,Makeup Kit,150.95,3,25.0,150.95,True,400
558,559,Beauty,Makeup,Makeup Implement,175.0,5,30.0,122.5,True,805
559,560,Home,Furniture,Furniture Thingamajig,83.95,3,10.0,75.555,True,235
560,561,Automotive,Truck,Truck Equipment,20.95,5,20.0,16.76,True,98
561,562,Home,Home Improvement,Home Improvement Widget,66.99,4,5.0,63.6405,True,257
562,563,Home,Gardening,Gardening Contraption,148.99,5,20.0,119.192,True,700
563,564,Health,First Aid,First Aid Device,147.99,3,50.0,73.995,True,355
564,565,Home,Gardening,Gardening Apparatus,55.0,5,40.0,33.0,True,248
565,566,Health,Medicine,Medicine Instrument,90.99,1,5.0,86.4405,True,77
566,567,Clothing,Kids,Kids Device,80.95,3,20.0,64.76,False,226
567,568,Clothing,Jewelry,Jewelry Accessory,41.0,5,20.0,32.8,False,197
568,569,Pets,Dog,Dog Mechanism,92.95,1,25.0,92.95,True,60
569,570,Clothing,Kids,Kids Item,81.95,5,40.0,49.17,False,377
570,571,Home,Kitchen,Kitchen Thingamajig,100.0,4,5.0,95.0,True,385
571,572,Beauty,Bath,Bath Apparatus,61.95,2,40.0,37.17,False,99
572,573,Beauty,Hair Care,Hair Care Component,27.95,4,40.0,16.77,False,100
573,574,Pets,Cat,Cat Accessory,199.95,3,20.0,159.96,True,540
574,575,Activity,Camping,Camping Device,162.95,5,20.0,130.36,False,782
575,576,Beauty,Hair Care,Hair Care Rig,98.95,1,20.0,79.16,True,69
576,577,Home,Kitchen,Kitchen Accessory,37.95,1,10.0,34.155,False,34
577,578,Entertainment,Book,Book Apparatus,163.99,3,10.0,147.591,True,459
578,579,Clothing,Womens,Womens Item,26.0,2,10.0,23.4,False,50
579,580,Automotive,Engine,Engine Machine,32.0,4,20.0,25.6,False,122
581,582,Pets,Dog,Dog Device,123.0,3,50.0,61.5,True,296
582,583,Home,Furniture,Furniture Apparatus,135.95,1,25.0,135.95,True,88
583,584,Clothing,Mens,Mens Item,54.95,3,40.0,32.97,False,143
584,585,Health,First Aid,First Aid Supplies,51.99,2,20.0,41.592,False,93
585,586,Beauty,Hair Care,Hair Care Paraphernalia,86.99,2,30.0,60.893,False,147
586,587,Electronics,Phone,Phone Thingamajig,192.95,1,20.0,154.36,True,135
587,588,Automotive,Tire,Tire Mechanism,127.0,3,25.0,127.0,True,337
588,589,Automotive,Car,Car Contraption,40.0,1,50.0,20.0,False,20
589,590,Home,Cooking,Cooking Widget,43.0,4,30.0,30.1,True,155
590,591,Beauty,Makeup,Makeup Implement,57.95,1,5.0,55.0525,False,55
591,592,Entertainment,Music,Music Widget,154.99,1,10.0,139.491,True,124
592,593,Pets,Cat,Cat Kit,42.95,1,25.0,42.95,False,32
593,594,Electronics,Phone,Phone Item,182.0,3,5.0,172.9,False,537
594,595,Entertainment,Movie,Movie Rig,53.99,4,50.0,26.995,True,183
595,596,Activity,Fitness,Fitness Item,170.95,1,5.0,162.4025,True,145
596,597,Electronics,Phone,Phone Mechanism,138.0,5,30.0,96.6,False,649
597,598,Beauty,Bath,Bath Supplies,61.95,1,25.0,61.95,False,46
598,599,Automotive,Tire,Tire Instrument,182.99,4,30.0,128.093,True,658
599,600,Health,Nutrition,Nutrition Thingamajig,25.99,2,10.0,23.391,True,46
600,601,Entertainment,Toy,Toy Attachment,177.0,2,10.0,159.3,False,337
601,602,Beauty,Personal,Personal Item,58.99,4,25.0,58.99,True,215
602,603,Health,Nutrition,Nutrition Whatchamacallit,42.95,3,40.0,25.77,False,111
603,604,Pets,Aquarium,Aquarium Widget,32.99,3,30.0,23.093,True,85
604,605,Home,Dining,Dining Gear,163.95,1,30.0,114.765,True,98
605,606,Clothing,Mens,Mens Doodad,154.95,5,40.0,92.97,False,713
606,607,Automotive,Tire,Tire Whatchamacallit,193.95,3,20.0,155.16,False,543
607,608,Activity,Sports,Sports Contraption,141.99,4,5.0,134.8905,False,560
608,609,Health,Nutrition,Nutrition Implement,60.95,2,30.0,42.665,False,103
609,610,Home,Kitchen,Kitchen Thingamajig,42.99,4,20.0,34.392,True,159
610,611,Health,Medicine,Medicine Item,12.0,1,10.0,10.8,False,11
611,612,Electronics,Technology,Technology Doodad,55.95,1,20.0,44.76,False,44
612,613,Health,Nutrition,Nutrition Contraption,184.99,1,10.0,166.491,True,148
613,614,Entertainment,Movie,Movie Implement,186.95,3,30.0,130.865,True,486
614,615,Home,Furniture,Furniture Supplies,170.95,1,5.0,162.4025,False,162
615,616,Clothing,Jewelry,Jewelry Widget,177.0,4,5.0,168.15,True,682
616,617,Clothing,Womens,Womens Thingamajig,22.95,2,5.0,21.8025,True,42
617,618,Home,Home Improvement,Home Improvement Gizmo,123.99,1,25.0,123.99,False,93
618,619,Health,Nutrition,Nutrition Contraption,11.0,2,50.0,5.5,False,17
619,620,Electronics,Phone,Phone Supplies,144.95,5,40.0,86.97,True,652
620,621,Pets,Dog,Dog Widget,174.95,4,50.0,87.475,True,595
621,622,Pets,Dog,Dog Contraption,12.0,2,30.0,8.4,False,21
622,623,Entertainment,Book,Book Apparatus,50.99,4,50.0,25.495,False,178
623,624,Clothing,Womens,Womens Device,189.99,3,5.0,180.4905,True,541
624,625,Clothing,Mens,Mens Attachment,104.99,4,40.0,62.994,True,367
625,626,Home,Furniture,Furniture Mechanism,47.99,4,25.0,47.99,False,180
626,627,Electronics,Technology,Technology Device,182.95,2,40.0,109.77,True,274
627,628,Pets,Aquarium,Aquarium Equipment,54.99,2,5.0,52.2405,True,101
628,629,Activity,Outdoors,Outdoors Widget,39.95,5,40.0,23.97,True,180
629,630,Health,Nutrition,Nutrition Machine,77.0,3,50.0,38.5,False,193
630,631,Home,Kitchen,Kitchen Kit,39.95,5,30.0,27.965,True,184
631,632,Entertainment,Movie,Movie Supplies,166.95,2,20.0,133.56,False,300
632,633,Electronics,Computer,Computer Gear,182.99,4,30.0,128.093,False,677
633,634,Home,Cooking,Cooking Accessory,47.95,1,30.0,33.565,True,28
634,635,Clothing,Kids,Kids Instrument,73.0,2,5.0,69.35,False,143
635,636,Entertainment,Party,Party Thingamajig,99.99,1,5.0,94.9905,False,95
636,637,Pets,Aquarium,Aquarium Device,67.99,3,5.0,64.5905,False,200
637,638,Activity,Beach,Beach Item,93.0,3,40.0,55.8,False,242
638,639,Health,Medicine,Medicine Whatchamacallit,30.99,5,30.0,21.693,True,142
639,640,Clothing,Mens,Mens Apparatus,26.99,4,20.0,21.592,True,99
640,641,Home,Kitchen,Kitchen Tool,185.99,2,10.0,167.391,True,334
641,642,Electronics,Technology,Technology Rig,45.99,1,50.0,22.995,True,18
642,643,Home,Furniture,Furniture Kit,92.99,1,20.0,74.392,True,65
643,644,Pets,Cat,Cat Mechanism,142.0,3,40.0,85.2,True,355
644,645,Activity,Biking,Biking Gadget,79.95,5,30.0,55.965,False,376
645,646,Beauty,Makeup,Makeup Attachment,35.95,3,50.0,17.975,True,86
646,647,Activity,Camping,Camping Attachment,135.99,3,20.0,108.792,True,367
647,648,Electronics,Camera,Camera Whatchamacallit,131.0,5,50.0,65.5,False,590
648,649,Activity,Camping,Camping Gadget,83.0,2,30.0,58.1,False,142
649,650,Electronics,Technology,Technology Kit,64.99,2,5.0,61.7405,False,126
650,651,Entertainment,Movie,Movie Equipment,139.99,5,50.0,69.995,True,616
651,652,Activity,Beach,Beach Instrument,127.99,3,10.0,115.191,False,371
652,653,Clothing,Kids,Kids Device,94.99,5,30.0,66.493,True,437
653,654,Home,Cleaning,Cleaning Gizmo,86.99,4,50.0,43.495,True,295
654,655,Home,Cleaning,Cleaning Implement,111.0,2,20.0,88.8,False,200
655,656,Entertainment,Game,Game Item,154.0,2,25.0,154.0,True,255
656,657,Home,Home Improvement,Home Improvement Mechanism,131.99,1,50.0,65.995,True,52
657,658,Entertainment,Book,Book Machine,95.99,1,40.0,57.594,True,48
658,659,Beauty,Skin Care,Skin Care Gadget,110.95,2,25.0,110.95,True,183
659,660,Automotive,Car,Car Mechanism,91.99,3,40.0,55.194,False,239
660,661,Automotive,Truck,Truck Mechanism,87.0,1,30.0,60.9,True,53
661,662,Entertainment,Book,Book Contraption,35.0,1,30.0,24.5,True,21
662,663,Activity,Beach,Beach Gear,196.95,3,30.0,137.865,False,531
663,664,Home,Home Improvement,Home Improvement Tool,145.99,1,5.0,138.6905,True,124
664,665,Home,Dining,Dining Machine,13.0,1,40.0,7.8,True,7
665,666,Entertainment,Toy,Toy Gear,15.99,4,5.0,15.1905,False,63
666,667,Beauty,Hair Care,Hair Care Component,46.0,1,50.0,23.0,True,19
667,668,Home,Storage,Storage Implement,37.0,4,10.0,33.3,True,141
668,669,Entertainment,Toy,Toy Implement,129.99,1,20.0,103.992,False,104
669,670,Entertainment,Toy,Toy Apparatus,155.99,4,50.0,77.995,True,530
670,671,Home,Storage,Storage Rig,74.0,2,25.0,74.0,True,123
671,672,Activity,Outdoors,Outdoors Apparatus,22.95,4,25.0,22.95,False,86
672,673,Health,First Aid,First Aid Accessory,15.0,5,40.0,9.0,True,68
673,674,Clothing,Kids,Kids Contraption,163.99,1,50.0,81.995,True,65
674,675,Entertainment,Party,Party Supplies,172.99,4,10.0,155.691,False,674
675,676,Clothing,Kids,Kids Rig,81.95,4,25.0,81.95,False,307
676,677,Activity,Biking,Biking Gear,95.99,5,10.0,86.391,False,470
677,678,Electronics,Phone,Phone Attachment,42.0,1,25.0,42.0,False,32
678,679,Activity,Swimming,Swimming Mechanism,148.0,2,5.0,140.6,False,289
679,680,Clothing,Womens,Womens Mechanism,73.95,3,5.0,70.2525,False,218
680,681,Electronics,Technology,Technology Implement,174.95,4,50.0,87.475,True,595
681,682,Home,Gardening,Gardening Equipment,57.99,3,10.0,52.191,True,162
682,683,Beauty,Hair Care,Hair Care Item,126.99,5,20.0,101.592,False,609
683,684,Automotive,Car,Car Item,47.95,2,5.0,45.5525,False,93
684,685,Automotive,Tire,Tire Attachment,166.99,2,5.0,158.6405,False,325
685,686,Clothing,Baby,Baby Contraption,135.99,4,10.0,122.391,True,516
686,687,Automotive,Tire,Tire Device,121.99,5,5.0,115.8905,True,591
687,688,Activity,Swimming,Swimming Machine,77.95,2,5.0,74.0525,False,152
688,689,Entertainment,Toy,Toy Apparatus,105.95,3,50.0,52.975,True,254
689,690,Home,Gardening,Gardening Tool,72.95,1,25.0,72.95,False,54
690,691,Home,Kitchen,Kitchen Whatchamacallit,195.0,1,25.0,195.0,False,147
691,692,Activity,Fitness,Fitness Kit,85.0,4,10.0,76.5,True,323
692,693,Entertainment,Movie,Movie Item,74.95,5,40.0,44.97,True,337
694,695,Clothing,Kids,Kids Kit,153.95,2,50.0,76.975,True,215
695,696,Activity,Camping,Camping Whatchamacallit,120.99,5,5.0,114.9405,True,586
696,697,Clothing,Baby,Baby Instrument,10.0,1,40.0,6.0,True,5
697,698,Activity,Camping,Camping Device,151.0,3,40.0,90.6,False,393
698,699,Beauty,Hair Care,Hair Care Kit,123.0,2,5.0,116.85,True,228
699,700,Entertainment,Book,Book Rig,16.99,5,5.0,16.1405,False,84
700,701,Electronics,Camera,Camera Gadget,54.99,1,40.0,32.994,False,33
701,702,Health,Nutrition,Nutrition Whatchamacallit,100.99,3,40.0,60.594,True,252
702,703,Home,Home Improvement,Home Improvement Apparatus,188.95,2,40.0,113.37,True,283
703,704,Electronics,Camera,Camera Gadget,177.99,3,5.0,169.0905,True,507
704,705,Entertainment,Movie,Movie Item,186.99,5,25.0,186.99,False,888
705,706,Automotive,Car,Car Gear,67.0,3,20.0,53.6,True,181
706,707,Clothing,Womens,Womens Whatchamacallit,114.95,1,30.0,80.465,False,80
707,708,Beauty,Hair Care,Hair Care Thingamajig,199.95,1,25.0,199.95,False,150
708,709,Activity,Swimming,Swimming Instrument,45.99,3,5.0,43.6905,False,135
709,710,Home,Dining,Dining Implement,89.95,3,40.0,53.97,False,234
710,711,Pets,Dog,Dog Gizmo,38.0,4,10.0,34.2,False,149
711,712,Automotive,Truck,Truck Gizmo,190.0,2,20.0,152.0,True,323
712,713,Clothing,Jewelry,Jewelry Equipment,39.99,4,50.0,19.995,False,140
713,714,Activity,Biking,Biking Widget,105.0,5,5.0,99.75,False,520
714,715,Health,Vitamin,Vitamin Gear,83.99,4,5.0,79.7905,False,331
715,716,Clothing,Womens,Womens Implement,151.99,5,10.0,136.791,False,744
716,717,Clothing,Kids,Kids Apparatus,195.95,1,30.0,137.165,False,137
717,718,Activity,Camping,Camping Kit,153.0,2,20.0,122.4,True,261
718,719,Health,First Aid,First Aid Whatchamacallit,18.0,1,40.0,10.8,False,11
719,720,Home,Kitchen,Kitchen Widget,185.95,4,10.0,167.355,False,725
720,721,Home,Storage,Storage Tool,19.0,5,50.0,9.5,False,86
721,722,Pets,Dog,Dog Component,72.0,1,10.0,64.8,True,58
722,723,Clothing,Baby,Baby Kit,92.95,4,40.0,55.77,True,325
723,724,Activity,Biking,Biking Equipment,34.99,4,30.0,24.493,False,129
724,725,Entertainment,Book,Book Component,44.0,1,10.0,39.6,True,36
725,726,Beauty,Hair Care,Hair Care Whatchamacallit,85.95,1,50.0,42.975,True,34
726,727,Clothing,Kids,Kids Rig,198.0,3,5.0,188.1,False,585
727,728,Beauty,Personal,Personal Widget,88.0,1,30.0,61.6,False,62
728,729,Beauty,Makeup,Makeup Component,146.0,4,5.0,138.7,True,563
729,730,Electronics,Computer,Computer Equipment,94.99,1,50.0,47.495,True,38
730,731,Activity,Outdoors,Outdoors Paraphernalia,155.0,3,25.0,155.0,False,427
731,732,Health,First Aid,First Aid Gadget,110.99,5,25.0,110.99,False,527
732,733,Electronics,Phone,Phone Mechanism,91.0,3,50.0,45.5,False,228
733,734,Home,Storage,Storage Tool,180.0,1,5.0,171.0,True,153
734,735,Clothing,Baby,Baby Supplies,95.99,1,10.0,86.391,True,76
735,736,Entertainment,Music,Music Gizmo,79.0,3,20.0,63.2,False,222
736,737,Activity,Biking,Biking Supplies,52.0,5,5.0,49.4,True,253
737,738,Home,Cleaning,Cleaning Whatchamacallit,60.95,3,5.0,57.9025,False,179
738,739,Beauty,Skin Care,Skin Care Widget,167.99,2,25.0,167.99,False,294
739,740,Activity,Fitness,Fitness Kit,151.0,4,20.0,120.8,True,559
740,741,Beauty,Skin Care,Skin Care Machine,100.99,5,50.0,50.495,False,454
741,742,Automotive,Truck,Truck Thingamajig,114.95,2,10.0,103.455,False,218
742,743,Health,Vitamin,Vitamin Accessory,149.99,2,50.0,74.995,False,225
743,744,Entertainment,Party,Party Attachment,189.99,2,50.0,94.995,False,285
744,745,Health,Vitamin,Vitamin Component,129.95,5,25.0,129.95,False,617
745,746,Activity,Beach,Beach Gadget,178.0,3,5.0,169.1,False,526
746,747,Home,Cooking,Cooking Tool,18.99,1,5.0,18.0405,False,18
747,748,Home,Bedding,Bedding Equipment,194.0,3,30.0,135.8,False,524
748,749,Home,Dining,Dining Gizmo,173.0,5,5.0,164.35,True,840
